Date,24h Average,Ask,Bid,Last,Total Volume
2016-03-06,404.88,407.09,406.82,407.05,60091.99
2016-03-05,404.31,399.26,398.94,399.26,125904.3
2016-03-04,421.22,410.43,410.01,410.09,75976.31
2016-03-03,422.5,421.4,421.05,421.18,79221.49
2016-03-02,433.67,424.48,423.93,424.37,60944.32
2016-03-01,436.22,436.14,435.83,436.18,70927.22
2016-02-29,437.76,438.14,437.79,438.2,71632.02
2016-02-28,431.57,434.61,434.37,434.4,51404.29
2016-02-27,434.59,434.78,434.5,434.91,42913.49
2016-02-26,426.16,434.54,434.16,434.29,57460.16
2016-02-25,424.41,423.85,423.51,423.92,52060.77
2016-02-24,423.45,426.39,426.28,426.41,68687.54
2016-02-23,429.96,421.92,421.57,421.83,96084.35
2016-02-22,438.44,440.83,440.07,440.91,58077.11
2016-02-21,439.84,439.97,439.86,439.87,102313.91
2016-02-20,431.45,437.95,437.52,437.86,113901.82
2016-02-19,420.47,420.63,420.37,420.62,52802.46
2016-02-18,420.62,421.92,421.6,421.85,76148.78
2016-02-17,415.46,417.2,417.04,417.35,94111.27
2016-02-16,404.48,407.44,407.16,407.5,69341.67
2016-02-15,404.56,401.09,400.77,400.94,84235.71
2016-02-14,400.55,407.63,407.47,407.6,76649.65
2016-02-13,390.47,393.08,392.85,392.98,48089.83
2016-02-12,383.37,386.95,386.7,386.94,57940.78
2016-02-11,379.49,379.1,378.85,379.02,68626.24
2016-02-10,380.59,381.33,381.11,381.54,97161.91
2016-02-09,374.06,374.88,374.57,374.85,57023.96
2016-02-08,377.53,373.54,373.35,373.49,64977.65
2016-02-07,378.12,377.12,376.96,377.1,41364.04
2016-02-06,377.89,376.56,376.44,377.07,81679.88
2016-02-05,388.85,387.93,387.63,387.8,62314.77
2016-02-04,380.05,390.51,390.26,390.34,109604.17
2016-02-03,374.26,370.9,370.67,370.85,63504.75
2016-02-02,376.37,376.04,375.8,376.09,52990.22
2016-02-01,373.83,373.47,373.07,373.24,77215.33
2016-01-31,380.28,369.09,368.84,369.02,46703.56
2016-01-30,380.11,379.38,379.04,379.43,37735.91
2016-01-29,376.98,379.18,378.91,378.93,144072.45
2016-01-28,385.76,381.18,380.84,381.34,79021.72
2016-01-27,396.67,397.66,397.47,397.55,44026.22
2016-01-26,395.14,393.8,393.54,393.74,58848.08
2016-01-25,397.18,393.02,392.75,392.93,70365.67
2016-01-24,397.9,403.47,403.04,403.37,65762.55
2016-01-23,389.74,388.25,387.74,388.14,63903.34
2016-01-22,394.98,382.98,382.65,383.0,149524.78
2016-01-21,415.04,411.74,411.53,411.85,89153.98
2016-01-20,394.47,419.72,419.03,419.67,198153.39
2016-01-19,384.69,380.55,380.26,380.58,65689.5
2016-01-18,383.9,387.58,387.2,387.4,67153.47
2016-01-17,385.45,381.83,381.27,381.66,66584.63
2016-01-16,372.05,387.93,387.72,387.95,192671.11
2016-01-15,402.74,361.16,360.74,361.11,288537.16
2016-01-14,431.89,430.2,429.86,430.21,44252.33
2016-01-13,430.77,433.21,433.01,433.17,106557.43
2016-01-12,448.57,447.87,447.46,447.63,46786.88
2016-01-11,448.58,449.66,449.38,449.65,56297.95
2016-01-10,446.91,448.51,448.29,448.47,44894.46
2016-01-09,452.07,452.1,451.67,452.07,39057.78
2016-01-08,456.09,455.28,454.91,455.13,90314.5
2016-01-07,448.33,456.78,456.6,456.82,130435.34
2016-01-06,432.11,433.15,433.04,433.21,44333.26
2016-01-05,433.72,434.05,433.87,434.18,47237.28
2016-01-04,432.02,434.81,434.53,434.64,50806.58
2016-01-03,431.13,430.15,429.69,429.54,54095.4
2016-01-02,434.35,435.61,434.77,435.3,34694.35
2016-01-01,433.21,434.84,434.28,434.65,47106.39
2015-12-31,426.52,431.33,431.13,431.4,66915.8
2015-12-30,430.09,428.03,427.65,428.0,71380.42
2015-12-29,425.99,430.66,430.29,430.56,72047.25
2015-12-28,425.03,422.41,421.96,422.24,77031.82
2015-12-27,418.46,424.66,424.27,424.47,76363.56
2015-12-26,431.61,415.55,415.0,415.43,211478.47
2015-12-25,455.25,456.4,455.87,456.13,43465.03
2015-12-24,454.43,453.78,453.64,453.76,78876.65
2015-12-23,441.44,443.68,443.33,443.79,64093.9
2015-12-22,439.89,437.34,436.98,437.32,69593.35
2015-12-21,437.71,436.11,435.73,435.98,119521.2
2015-12-20,455.27,443.17,442.9,442.87,119008.97
2015-12-19,464.0,462.35,461.91,462.27,63401.04
2015-12-18,460.73,464.48,463.91,464.2,82317.55
2015-12-17,455.55,457.02,456.66,456.63,67726.34
2015-12-16,457.64,454.22,453.99,454.03,186908.79
2015-12-15,456.75,463.87,463.47,463.69,121020.71
2015-12-14,441.46,443.46,443.25,443.38,246514.0
2015-12-13,436.49,436.06,435.67,435.9,90007.78
2015-12-12,433.3,433.63,433.45,433.56,247017.35
2015-12-11,432.19,449.26,449.09,449.19,176205.29
2015-12-10,416.74,417.06,416.66,416.8,75158.13
2015-12-09,418.08,417.66,417.42,417.65,160383.94
2015-12-08,397.01,397.99,397.88,398.01,57932.28
2015-12-07,394.44,396.76,396.54,396.66,102519.55
2015-12-06,394.26,395.58,395.21,395.53,147247.78
2015-12-05,374.84,390.94,390.83,390.99,106868.51
2015-12-04,361.51,363.45,363.21,363.5,60262.34
2015-12-03,363.13,362.01,361.76,361.96,88810.64
2015-12-02,356.78,360.84,360.48,360.77,97504.92
2015-12-01,368.9,364.34,364.09,364.2,119992.39
2015-11-30,376.76,378.93,378.52,378.64,137466.11
2015-11-29,362.06,373.71,373.51,373.67,64868.59
2015-11-28,356.55,356.1,355.88,356.06,60678.44
2015-11-27,355.91,360.81,360.51,360.6,112829.07
2015-11-26,342.51,350.97,350.73,350.88,213702.58
2015-11-25,324.1,327.73,327.55,327.66,77479.39
2015-11-24,323.4,322.85,322.57,322.86,50632.91
2015-11-23,324.03,325.08,324.77,325.05,42018.91
2015-11-22,326.15,326.19,325.92,326.07,34520.8
2015-11-21,325.84,326.39,326.03,326.35,43575.19
2015-11-20,321.03,321.48,321.28,321.43,111710.95
2015-11-19,333.01,327.9,327.66,327.81,84955.2
2015-11-18,335.41,337.74,337.2,337.58,75796.73
2015-11-17,335.68,338.26,338.14,338.43,97693.91
2015-11-16,322.37,330.45,330.18,330.36,88806.55
2015-11-15,329.85,320.33,319.53,320.2,105658.42
2015-11-14,335.32,339.89,338.87,339.2,71522.2
2015-11-13,334.66,340.65,340.07,340.19,107328.71
2015-11-12,326.91,333.69,333.14,333.84,171616.82
2015-11-11,317.9,308.04,307.62,307.82,290096.78
2015-11-10,368.56,333.59,333.09,333.31,212299.48
2015-11-09,375.3,382.45,382.07,382.32,130610.11
2015-11-08,383.98,374.37,374.17,374.33,90243.26
2015-11-07,383.57,388.12,387.89,388.04,107926.25
2015-11-06,373.24,374.85,373.99,374.15,281158.05
2015-11-05,401.39,390.98,390.04,390.85,360109.42
2015-11-04,446.72,394.08,391.57,393.34,537468.37
2015-11-03,381.53,401.23,400.89,400.82,449677.57
2015-11-02,334.38,361.91,361.6,361.72,210271.42
2015-11-01,317.89,325.38,325.18,325.32,80664.78
2015-10-31,324.35,312.62,312.14,312.4,115396.61
2015-10-30,324.31,323.98,323.73,323.84,170402.67
2015-10-29,309.61,315.68,315.24,315.59,145485.12
2015-10-28,301.53,303.31,303.11,303.26,124391.95
2015-10-27,292.98,298.06,297.83,298.13,110659.24
2015-10-26,285.18,287.21,286.98,286.95,82890.74
2015-10-25,289.88,287.22,286.78,287.02,118323.12
2015-10-24,281.5,281.41,281.13,281.42,53762.28
2015-10-23,277.91,278.11,277.84,277.87,75454.96
2015-10-22,273.32,275.55,275.31,275.35,92648.02
2015-10-21,270.14,269.81,269.65,269.68,64743.56
2015-10-20,268.85,270.22,270.07,270.11,76374.96
2015-10-19,264.8,265.34,264.97,265.12,60648.15
2015-10-18,268.58,264.39,264.13,264.26,61187.92
2015-10-17,269.46,270.87,270.63,270.78,118926.37
2015-10-16,261.03,262.71,262.46,262.76,98238.18
2015-10-15,256.09,256.54,256.19,256.46,64821.71
2015-10-14,252.93,255.18,254.93,255.11,72687.69
2015-10-13,248.96,250.62,250.43,250.59,80499.09
2015-10-12,248.15,247.38,247.18,247.22,48544.98
2015-10-11,248.76,249.74,249.53,249.82,35201.24
2015-10-10,246.81,247.43,247.12,247.35,41515.32
2015-10-09,245.76,246.61,246.34,246.4,42768.22
2015-10-08,245.46,245.23,244.91,245.03,50517.95
2015-10-07,246.87,245.16,245.0,245.09,64849.71
2015-10-06,244.46,246.97,246.72,246.92,88568.77
2015-10-05,239.99,241.51,241.42,241.43,66838.09
2015-10-04,240.98,239.99,239.61,239.89,35944.34
2015-10-03,239.92,241.4,241.21,241.37,48954.29
2015-10-02,239.14,238.83,238.67,238.64,54375.63
2015-10-01,238.51,239.18,238.87,238.93,60410.98
2015-09-30,238.41,238.12,237.82,238.04,55808.63
2015-09-29,239.73,238.6,238.37,238.57,69354.82
2015-09-28,237.64,240.22,240.06,240.16,67469.36
2015-09-27,235.25,234.34,233.83,234.18,38619.96
2015-09-26,236.03,236.54,236.26,236.48,40861.23
2015-09-25,236.36,235.84,235.65,235.82,64468.5
2015-09-24,233.63,234.93,234.84,234.91,72301.06
2015-09-23,232.03,231.61,231.27,231.51,50569.44
2015-09-22,230.16,230.93,230.8,230.86,83566.49
2015-09-21,229.38,228.91,228.64,228.65,57512.41
2015-09-20,233.09,231.8,231.64,231.68,40775.21
2015-09-19,233.97,233.3,233.21,233.31,39321.42
2015-09-18,234.65,234.92,234.6,234.89,57623.59
2015-09-17,231.82,234.41,234.31,234.37,61813.24
2015-09-16,230.64,229.81,229.58,229.67,60120.16
2015-09-15,231.89,230.96,230.8,230.79,60113.95
2015-09-14,230.79,232.56,232.45,232.47,66718.67
2015-09-13,234.46,230.28,230.17,230.29,54054.53
2015-09-12,240.7,237.43,237.32,237.63,52731.58
2015-09-11,241.55,242.0,241.8,242.03,47247.29
2015-09-10,239.98,240.39,240.16,240.43,63412.7
2015-09-09,242.45,239.8,239.66,239.8,69555.79
2015-09-08,243.76,244.66,244.53,244.63,77673.15
2015-09-07,241.06,241.63,241.5,241.53,56561.99
2015-09-06,240.44,241.81,241.65,241.68,73261.29
2015-09-05,233.57,236.6,236.41,236.73,56149.81
2015-09-04,231.24,232.13,232.0,232.22,64146.64
2015-09-02,229.0,230.91,230.81,230.87,60814.64
2015-09-01,230.32,226.98,226.87,227.02,63356.81
2015-08-31,229.95,231.71,231.56,231.74,56483.31
2015-08-30,230.31,228.48,228.32,228.41,50190.82
2015-08-29,231.82,230.06,229.83,230.26,46281.32
2015-08-28,228.39,234.06,233.75,233.91,93688.37
2015-08-27,227.05,227.87,227.74,227.85,60923.3
2015-08-26,225.87,226.77,226.62,226.81,98979.44
2015-08-25,214.3,222.25,221.98,222.1,209016.22
2015-08-24,221.77,210.37,210.18,210.56,193238.31
2015-08-23,230.29,228.0,227.84,227.89,56524.73
2015-08-22,231.7,231.01,230.74,230.96,75652.63
2015-08-21,235.11,233.6,233.47,233.62,61959.38
2015-08-20,232.79,236.85,236.69,236.78,97471.02
2015-08-19,233.92,224.57,224.16,224.46,259604.15
2015-08-18,256.83,253.21,253.0,253.23,86992.53
2015-08-17,258.9,258.82,258.75,258.88,52690.7
2015-08-16,260.44,259.55,259.22,259.43,73108.94
2015-08-15,267.24,264.41,264.09,264.38,34578.44
2015-08-14,266.2,268.2,268.12,268.31,52856.08
2015-08-13,266.37,265.91,265.68,265.83,58932.84
2015-08-12,269.27,270.07,269.81,270.02,62868.71
2015-08-11,267.19,270.35,270.03,270.35,50908.15
2015-08-10,265.75,265.6,265.4,265.58,48723.03
2015-08-09,264.05,265.93,265.5,265.78,67562.76
2015-08-08,276.02,266.73,266.54,266.73,69720.0
2015-08-07,280.43,280.53,280.32,280.57,47890.84
2015-08-06,281.92,280.48,280.19,280.44,41529.91
2015-08-05,284.89,284.34,284.17,284.28,40800.93
2015-08-04,285.37,286.78,286.63,286.84,46789.49
2015-08-03,283.85,284.54,284.31,284.6,45539.11
2015-08-02,281.47,283.6,282.95,283.05,36387.87
2015-08-01,283.04,281.83,281.07,281.27,43721.2
2015-07-31,286.77,285.86,285.54,285.67,51981.22
2015-07-30,289.68,288.44,288.06,288.34,45777.87
2015-07-29,292.8,291.81,291.75,291.8,52825.48
2015-07-28,295.69,295.9,295.44,295.48,56658.53
2015-07-27,292.13,296.6,296.28,296.44,69358.52
2015-07-26,291.48,293.82,293.28,293.41,32283.37
2015-07-25,289.27,288.84,288.68,288.87,44978.61
2015-07-24,282.91,289.17,288.81,289.04,83464.01
2015-07-23,278.45,277.87,277.59,277.7,38821.29
2015-07-22,277.56,277.08,276.88,277.0,50988.03
2015-07-21,280.07,279.65,279.5,279.62,49526.47
2015-07-20,276.9,278.43,278.12,278.24,53638.66
2015-07-19,275.33,275.09,274.71,274.86,31752.04
2015-07-18,278.25,274.82,274.45,274.59,68091.11
2015-07-17,277.83,278.88,278.59,279.31,74636.06
2015-07-16,283.87,280.49,280.23,280.27,133319.5
2015-07-15,291.62,291.67,291.11,291.73,55545.27
2015-07-14,291.48,290.35,290.02,290.24,66154.49
2015-07-13,295.66,292.84,292.54,292.88,153309.15
2015-07-12,303.43,307.98,307.8,307.93,121416.85
2015-07-11,290.93,293.99,293.75,293.89,95898.62
2015-07-10,280.06,286.15,285.69,286.05,211063.76
2015-07-09,270.72,271.65,271.35,271.61,77644.38
2015-07-08,269.56,268.0,267.64,267.85,86504.04
2015-07-07,268.94,267.24,266.89,267.22,74161.98
2015-07-06,272.09,274.76,274.43,274.63,127494.26
2015-07-05,264.07,271.03,270.82,270.82,118301.04
2015-07-04,258.83,263.23,263.08,263.07,41655.63
2015-07-03,256.84,257.57,257.3,257.44,49662.09
2015-07-02,258.66,256.98,256.84,256.99,55719.36
2015-07-01,261.14,260.63,260.38,260.67,76161.03
2015-06-30,262.7,264.33,264.19,264.28,124557.87
2015-06-29,253.47,255.98,255.84,255.98,93823.64
2015-06-28,251.0,250.84,250.66,250.75,42153.05
2015-06-27,247.45,252.22,251.92,252.34,57101.06
2015-06-26,244.23,244.51,244.21,244.4,37765.41
2015-06-25,244.03,243.62,243.5,243.59,44924.07
2015-06-24,245.21,242.83,242.66,242.73,53144.0
2015-06-23,247.1,246.45,246.33,246.42,41301.22
2015-06-22,246.5,248.72,248.64,248.71,52090.71
2015-06-21,245.85,245.73,245.63,245.7,26873.47
2015-06-20,244.29,245.48,245.42,245.5,68398.45
2015-06-19,249.36,246.88,246.7,246.89,58965.44
2015-06-18,249.27,249.88,249.62,249.87,86083.1
2015-06-17,251.65,248.72,248.65,248.77,126711.65
2015-06-16,241.71,248.16,248.09,248.18,120641.35
2015-06-15,236.05,237.5,237.41,237.5,62391.49
2015-06-14,234.72,234.24,234.18,234.28,35393.45
2015-06-13,231.87,233.64,233.49,233.67,39818.62
2015-06-12,231.97,231.56,231.39,231.48,42166.98
2015-06-11,231.28,230.85,230.73,230.89,43195.67
2015-06-10,231.35,230.56,230.47,230.54,43122.78
2015-06-09,230.71,231.13,230.99,231.12,60407.81
2015-06-08,226.32,229.31,229.2,229.23,77146.39
2015-06-07,226.22,224.33,224.19,224.23,42537.08
2015-06-06,226.85,226.66,226.5,226.69,34409.03
2015-06-05,225.94,226.74,226.49,226.6,61071.33
2015-06-04,226.8,225.86,225.72,225.88,49889.57
2015-06-03,226.84,227.12,227.04,227.12,57299.11
2015-06-02,224.57,226.21,226.05,226.09,72109.31
2015-06-01,228.23,221.71,221.53,221.67,95200.63
2015-05-31,233.73,231.54,231.39,231.53,34017.9
2015-05-30,235.96,233.38,233.25,233.34,44889.39
2015-05-29,238.24,238.21,238.03,238.25,39903.64
2015-05-28,238.49,238.6,238.52,238.69,37396.4
2015-05-27,239.07,237.68,237.54,237.62,53310.39
2015-05-26,238.16,238.49,238.4,238.51,44647.2
2015-05-25,239.76,237.87,237.71,237.82,36722.19
2015-05-24,240.86,242.03,241.84,241.93,32960.13
2015-05-23,240.84,240.45,240.23,240.32,36064.67
2015-05-22,237.8,240.75,240.64,240.71,79796.87
2015-05-21,236.2,236.43,236.23,236.42,45267.16
2015-05-20,234.73,234.81,234.7,234.78,48804.16
2015-05-19,234.29,233.88,233.81,233.93,43701.47
2015-05-18,237.19,233.81,233.71,233.8,50755.28
2015-05-17,238.33,237.38,237.23,237.36,28172.41
2015-05-16,238.88,238.08,238.01,238.1,34072.94
2015-05-15,242.02,237.07,236.84,236.99,86021.6
2015-05-14,242.02,237.07,236.84,236.99,86021.6
2015-05-13,244.24,237.05,236.94,237.08,62728.0
2015-05-12,242.67,242.94,242.81,242.99,57316.34
2015-05-11,242.15,243.42,243.33,243.45,63103.96
2015-05-10,242.54,241.43,241.16,241.4,45902.18
2015-05-09,243.64,243.01,242.88,242.95,63207.23
2015-05-08,240.19,245.33,245.14,245.18,90559.59
2015-05-07,232.19,238.56,238.38,238.5,127117.86
2015-05-06,236.19,231.74,231.53,231.81,70781.44
2015-05-05,236.72,236.49,236.41,236.43,77971.44
2015-05-04,240.97,239.9,239.72,239.82,67775.85
2015-05-03,240.23,240.94,240.84,240.95,55081.17
2015-05-02,235.78,237.01,236.89,236.94,42303.4
2015-05-01,236.29,235.84,235.59,235.7,59886.0
2015-04-30,231.66,237.15,236.84,237.07,114641.84
2015-04-29,226.44,227.27,227.21,227.25,60261.17
2015-04-28,227.12,226.35,226.02,226.27,80404.02
2015-04-27,220.74,233.87,233.51,233.8,119045.21
2015-04-26,220.36,219.56,219.48,219.54,102789.57
2015-04-25,230.45,228.06,227.9,228.07,44869.71
2015-04-24,233.31,231.68,231.49,231.59,69636.92
2015-04-23,235.63,236.01,235.9,236.42,43473.41
2015-04-22,236.1,234.35,234.15,234.37,78077.46
2015-04-21,226.84,233.67,233.48,233.68,84772.75
2015-04-20,224.5,224.71,224.55,224.68,59206.22
2015-04-19,225.3,223.16,223.0,223.09,49976.22
2015-04-18,223.76,224.58,224.39,224.59,43734.51
2015-04-17,225.76,223.51,223.37,223.47,73056.25
2015-04-16,227.68,229.96,229.78,229.9,88046.45
2015-04-15,221.76,222.16,222.02,222.17,75867.73
2015-04-14,221.75,217.64,217.36,217.48,130783.66
2015-04-13,234.44,223.38,223.14,223.14,99817.36
2015-04-12,237.5,236.8,236.72,236.78,37576.81
2015-04-11,236.73,236.66,236.47,236.57,52778.71
2015-04-10,239.65,235.26,235.11,235.22,96573.03
2015-04-09,244.73,243.91,243.53,243.7,68321.76
2015-04-08,251.09,246.61,246.44,246.46,97857.57
2015-04-07,255.37,255.55,255.27,255.46,51998.08
2015-04-06,258.69,256.82,256.49,256.68,69260.58
2015-04-05,256.46,258.26,258.09,258.23,51419.69
2015-04-04,254.62,255.11,255.0,255.03,35428.23
2015-04-03,254.32,254.92,254.72,254.92,70912.78
2015-04-02,248.77,252.57,252.34,252.62,85606.03
2015-04-01,244.38,247.14,246.93,247.04,69468.28
2015-03-31,246.72,246.86,246.46,246.56,64204.55
2015-03-30,245.19,247.65,247.3,247.44,77229.5
2015-03-29,246.67,243.34,242.89,243.12,68286.56
2015-03-28,252.28,253.76,253.51,253.56,49306.23
2015-03-27,248.48,248.99,248.91,248.95,53326.28
2015-03-26,249.69,249.01,248.84,248.98,76767.29
2015-03-25,245.46,246.83,246.5,246.77,119638.14
2015-03-24,257.98,248.97,248.85,248.92,138226.97
2015-03-23,267.98,268.15,267.98,268.09,68261.36
2015-03-22,262.57,268.88,268.55,268.84,47951.33
2015-03-21,260.93,260.74,260.58,260.61,46225.36
2015-03-20,261.7,262.88,262.48,262.74,50039.41
2015-03-19,257.63,261.77,261.65,261.76,176683.72
2015-03-18,275.74,255.59,255.36,255.5,186557.71
2015-03-17,290.68,285.71,285.49,285.67,59674.36
2015-03-16,291.43,291.76,291.61,291.73,59509.65
2015-03-15,284.95,286.87,286.67,286.77,35168.8
2015-03-14,284.19,283.36,282.97,283.26,74356.26
2015-03-13,291.96,289.08,288.85,289.0,88666.62
2015-03-12,295.25,295.58,295.3,295.38,66300.1
2015-03-11,294.09,296.71,296.27,296.54,70646.05
2015-03-10,294.2,294.14,293.99,294.05,161298.95
2015-03-09,281.89,289.42,288.91,289.09,139722.21
2015-03-08,276.11,275.56,275.15,275.27,47281.44
2015-03-07,274.2,276.61,276.37,276.52,52597.14
2015-03-06,273.9,273.79,273.57,273.6,90835.39
2015-03-05,271.51,276.29,276.04,276.4,127169.72
2015-03-04,279.95,272.56,272.25,272.57,127193.97
2015-03-03,275.71,281.43,281.14,281.17,155102.28
2015-03-02,262.51,273.43,273.09,273.22,120210.35
2015-03-01,252.75,260.09,259.71,259.8,78704.16
2015-02-28,253.69,255.43,254.97,255.16,46830.74
2015-02-27,250.27,256.28,255.89,256.04,147991.29
2015-02-26,237.67,237.89,237.46,237.55,46714.62
2015-02-25,238.83,238.52,238.17,238.33,38979.25
2015-02-24,239.65,240.19,239.78,240.09,47043.86
2015-02-23,236.63,239.77,239.56,239.72,56158.45
2015-02-22,242.91,236.36,235.93,236.25,68906.43
2015-02-21,245.54,245.68,245.42,245.52,44001.45
2015-02-20,243.61,244.68,244.51,244.65,84337.26
2015-02-19,238.6,241.76,241.36,241.72,60345.53
2015-02-18,240.54,235.58,234.77,235.3,90158.58
2015-02-17,238.78,242.94,242.62,242.95,98406.95
2015-02-16,234.47,236.66,236.17,236.49,103551.64
2015-02-15,251.15,233.63,233.36,233.52,220810.71
2015-02-14,245.52,258.89,258.56,258.7,163781.23
2015-02-13,231.76,236.05,235.66,235.81,157049.28
2015-02-12,220.79,223.22,222.78,223.0,54069.23
2015-02-11,221.76,220.12,219.52,219.72,61727.11
2015-02-10,219.15,220.94,220.41,220.75,80332.87
2015-02-09,221.47,220.56,220.06,220.28,106508.11
2015-02-08,225.7,224.14,223.79,224.02,62701.12
2015-02-07,226.48,228.58,228.42,228.62,84554.96
2015-02-06,220.37,223.88,223.55,223.62,86872.09
2015-02-05,223.1,218.23,217.78,218.01,82264.98
2015-02-04,235.35,227.33,226.86,227.24,129814.32
2015-02-02,226.53,239.5,238.98,239.25,89210.71
2015-02-01,218.48,226.85,226.49,226.82,126069.21
2015-01-31,228.65,222.76,222.52,222.62,81293.71
2015-01-30,232.67,229.35,228.86,229.38,102020.39
2015-01-29,232.22,231.61,231.29,231.27,124452.33
2015-01-28,254.06,235.73,235.52,235.68,166579.16
2015-01-27,261.48,263.27,262.85,263.02,150802.02
2015-01-26,280.63,271.8,271.22,272.0,358906.83
2015-01-25,248.56,253.02,252.57,252.97,111023.64
2015-01-24,237.55,247.59,247.19,247.47,84807.15
2015-01-23,230.54,232.08,231.55,231.98,89840.36
2015-01-22,232.17,232.38,231.96,232.12,128193.66
2015-01-21,215.14,225.05,224.7,224.62,111781.03
2015-01-20,211.49,212.28,211.8,212.01,99020.56
2015-01-19,211.84,217.09,216.56,216.82,69433.31
2015-01-18,206.0,210.8,210.32,210.8,109747.93
2015-01-17,201.56,199.67,199.38,199.69,87919.04
2015-01-16,212.01,208.3,207.96,207.94,129530.68
2015-01-15,205.48,208.79,208.58,208.74,283041.91
2015-01-14,200.28,176.72,176.39,176.04,378295.79
2015-01-13,242.22,222.15,221.97,222.13,228863.06
2015-01-12,269.63,269.54,269.16,269.38,47534.74
2015-01-11,274.29,266.7,266.55,266.73,44343.21
2015-01-10,281.25,277.14,276.53,276.88,45280.81
2015-01-09,285.04,288.46,288.12,288.16,57577.43
2015-01-08,289.61,284.46,284.09,284.17,58163.81
2015-01-06,277.04,286.13,285.91,285.85,79993.07
2015-01-05,271.78,277.81,276.75,277.26,115265.0
2015-01-04,275.91,261.28,260.84,261.23,192471.43
2015-01-03,306.15,288.1,287.43,288.01,95976.22
2015-01-02,315.45,316.7,315.99,316.26,20418.12
2015-01-01,317.04,316.13,315.23,315.35,17517.9
2014-12-31,314.44,318.93,318.25,318.9,23466.62
2014-12-30,315.59,312.91,311.93,312.5,24971.42
2014-12-29,317.14,316.1,315.79,316.1,21121.08
2014-12-28,316.96,318.03,317.58,318.05,19480.08
2014-12-27,321.16,317.48,316.79,317.17,33269.19
2014-12-26,323.61,330.8,330.37,330.61,28496.31
2014-12-25,321.34,319.03,318.88,318.97,15618.1
2014-12-24,331.53,324.4,323.94,324.04,26809.62
2014-12-23,334.22,336.36,335.66,336.01,30165.07
2014-12-22,328.27,331.49,331.02,331.25,43555.74
2014-12-21,325.2,322.54,322.26,322.59,31188.12
2014-12-20,324.72,329.89,329.53,329.84,41576.73
2014-12-19,313.11,319.26,319.0,319.1,49518.6
2014-12-18,313.6,311.77,311.29,311.43,115141.94
2014-12-17,324.07,319.86,319.16,319.4,106011.04
2014-12-16,337.16,330.47,329.55,330.01,81720.35
2014-12-15,348.59,347.6,347.0,347.44,42842.83
2014-12-14,349.79,351.24,351.05,351.19,30968.85
2014-12-13,349.14,349.0,348.04,348.79,31600.6
2014-12-12,351.53,353.54,353.11,353.31,41429.95
2014-12-11,352.57,348.18,347.72,347.92,88357.99
2014-12-10,350.41,348.18,347.81,348.13,44249.31
2014-12-09,354.14,352.29,351.98,352.21,86939.51
2014-12-08,370.83,366.46,365.95,366.04,40912.54
2014-12-07,377.45,377.38,376.79,377.13,14807.07
2014-12-06,376.21,376.28,375.81,376.02,23761.72
2014-12-05,373.55,378.31,377.66,378.32,46976.49
2014-12-04,375.4,371.42,370.93,371.01,45263.24
2014-12-03,380.21,377.44,376.91,377.29,39226.61
2014-12-02,382.94,382.69,382.26,382.1,34784.13
2014-12-01,380.65,381.98,381.35,382.05,29946.22
2014-11-30,378.54,378.2,377.89,378.12,25573.93
2014-11-29,379.08,376.65,376.46,376.55,102453.1
2014-11-28,369.99,377.6,377.05,377.39,75032.49
2014-11-27,371.98,370.03,369.45,369.92,25702.94
2014-11-26,372.72,364.6,367.48,366.8,52704.88
2014-11-25,383.52,377.88,377.49,377.53,72163.64
2014-11-24,374.92,381.04,379.98,380.71,73998.59
2014-11-23,358.96,368.5,367.78,367.31,37413.36
2014-11-22,357.06,353.06,352.6,353.03,38299.18
2014-11-20,366.8,357.93,357.64,357.89,64096.99
2014-11-19,378.66,377.19,376.77,377.16,46503.44
2014-11-18,381.6,377.25,376.9,377.26,80468.63
2014-11-17,396.55,388.15,387.9,388.15,98192.84
2014-11-16,383.31,388.48,387.62,388.03,28990.26
2014-11-15,387.74,377.31,377.05,377.06,36631.89
2014-11-14,397.78,398.26,397.46,398.1,69526.5
2014-11-13,432.05,417.24,417.13,418.15,123208.29
2014-11-12,393.44,420.89,420.56,420.73,95399.72
2014-11-11,367.37,366.69,366.54,366.69,40510.88
2014-11-10,365.65,368.02,367.67,367.92,78273.42
2014-11-09,350.71,359.74,359.45,359.55,58400.93
2014-11-08,344.38,346.03,345.73,345.82,21650.7
2014-11-07,345.95,342.02,341.75,341.85,46262.0
2014-11-06,343.11,349.1,348.52,348.83,47047.93
2014-11-05,337.55,340.33,339.79,340.29,51917.51
2014-11-04,327.52,329.19,328.8,329.11,41171.13
2014-11-03,328.57,326.15,325.67,326.03,34027.68
2014-11-02,325.04,325.91,325.42,325.82,23209.83
2014-11-01,331.41,324.97,324.41,324.77,46372.58
2014-10-31,342.45,340.33,340.16,340.18,48195.57
2014-10-30,338.23,347.5,346.49,347.23,68628.81
2014-10-29,348.83,336.63,336.31,336.47,45120.14
2014-10-28,355.26,355.39,355.1,355.38,19550.8
2014-10-27,353.92,353.79,353.41,353.77,30544.83
2014-10-26,351.49,354.68,354.24,354.66,28635.27
2014-10-25,351.19,349.86,349.19,349.85,47096.86
2014-10-24,358.27,357.36,356.86,357.42,40606.34
2014-10-23,370.85,359.45,359.14,358.75,63322.95
2014-10-22,384.94,383.89,383.26,383.43,25546.86
2014-10-21,385.71,386.32,385.82,386.04,31496.1
2014-10-20,383.8,383.91,382.94,383.93,37286.11
2014-10-19,390.38,388.73,388.42,388.46,12094.54
2014-10-18,381.9,390.52,390.03,390.39,28386.78
2014-10-16,388.38,380.0,379.81,379.84,62823.51
2014-10-15,394.8,392.74,392.65,392.65,61188.56
2014-10-14,401.38,405.49,405.23,405.45,92414.78
2014-10-13,377.64,398.31,397.87,398.2,77131.99
2014-10-12,363.03,376.16,375.6,375.92,41133.14
2014-10-11,360.25,363.25,362.62,363.16,33937.23
2014-10-10,362.67,358.8,358.14,358.65,67277.81
2014-10-09,362.18,356.5,356.13,356.33,126824.42
2014-10-08,337.28,352.17,351.94,349.8,80086.32
2014-10-07,329.19,329.68,329.29,329.75,77025.38
2014-10-06,322.44,334.55,334.04,334.17,164336.03
2014-10-05,318.06,302.12,300.96,301.66,158741.66
2014-10-04,348.92,329.39,329.23,329.89,84096.15
2014-10-03,370.65,356.5,355.89,356.05,51542.03
2014-10-02,381.77,373.94,373.47,374.05,27774.5
2014-10-01,384.14,385.01,383.65,384.6,27981.91
2014-09-30,379.44,388.64,388.1,385.03,37914.27
2014-09-29,393.52,376.32,374.36,376.53,24116.1
2014-09-27,405.74,402.92,402.7,403.22,10568.42
2014-09-26,407.6,407.28,406.3,407.05,19322.27
2014-09-25,414.79,413.77,412.6,413.8,24259.4
2014-09-24,427.4,424.19,423.21,423.52,24430.35
2014-09-23,407.4,437.62,435.38,437.08,44735.14
2014-09-22,401.21,404.3,403.91,403.46,24600.17
2014-09-21,401.61,394.56,393.76,394.79,22888.59
2014-09-20,409.52,408.02,407.91,408.04,34540.11
2014-09-19,408.67,396.48,395.85,397.28,46326.04
2014-09-18,441.78,425.92,425.11,426.21,38770.68
2014-09-17,461.38,449.32,448.43,449.15,21294.02
2014-09-16,473.44,467.28,465.98,467.34,12807.24
2014-09-15,477.79,478.56,478.05,478.51,16686.49
2014-09-14,479.74,478.32,477.79,478.58,10869.22
2014-09-13,478.89,481.45,480.5,480.8,19469.8
2014-09-12,477.54,477.06,476.2,477.03,15328.71
2014-09-11,479.0,479.44,478.88,479.35,19476.71
2014-09-10,471.48,477.13,476.43,476.61,26165.81
2014-09-08,474.11,472.19,471.87,472.37,39983.98
2014-09-07,487.87,484.84,484.41,484.87,7475.08
2014-09-06,487.5,488.73,487.87,487.77,10164.51
2014-09-05,488.35,484.89,483.8,485.13,15243.33
2014-09-04,485.87,492.06,490.98,490.99,28092.05
2014-09-03,482.6,483.94,482.78,483.28,8647.77
2014-09-02,478.81,480.11,479.94,480.16,24825.36
2014-09-01,479.95,482.02,480.61,481.58,21520.37
2014-08-31,491.16,480.63,480.23,481.0,72254.08
2014-08-30,505.44,501.33,500.69,501.37,11404.63
2014-08-29,508.73,509.15,508.64,508.65,16826.56
2014-08-28,512.33,507.82,507.27,508.0,19030.17
2014-08-27,515.9,515.46,514.48,514.41,20552.4
2014-08-26,508.63,510.03,509.38,509.46,23554.3
2014-08-25,504.92,504.2,503.62,505.31,19354.83
2014-08-24,504.48,511.41,510.04,510.94,17970.2
2014-08-23,507.06,499.6,498.62,499.98,23945.38
2014-08-22,514.54,517.78,517.02,517.73,38928.49
2014-08-21,520.26,523.42,522.61,521.42,45465.93
2014-08-20,487.27,509.55,509.36,508.77,43439.47
2014-08-19,471.39,480.48,479.49,479.85,38426.74
2014-08-18,475.66,452.86,451.68,453.27,68323.44
2014-08-17,506.6,489.89,489.55,490.67,21062.18
2014-08-16,500.43,518.8,517.48,518.37,23053.95
2014-08-15,506.9,497.05,496.47,497.51,32318.34
2014-08-14,520.16,505.66,505.15,506.4,54483.97
2014-08-13,554.48,543.69,542.82,544.83,32388.31
2014-08-12,571.95,569.47,568.83,569.54,14894.58
2014-08-11,586.69,575.63,574.6,575.31,14133.37
2014-08-10,591.23,590.37,589.29,590.14,4456.42
2014-08-09,590.21,590.1,589.42,590.64,5831.66
2014-08-08,592.38,593.99,592.94,593.8,8387.43
2014-08-07,586.23,590.32,589.67,588.76,12024.46
2014-08-06,587.2,585.53,584.93,585.89,8909.07
2014-08-04,586.85,588.03,587.65,587.91,7460.06
2014-08-02,592.0,594.71,593.77,592.3,16097.09
2014-07-31,572.32,586.51,585.27,585.73,22418.06
2014-07-30,579.46,563.65,562.36,565.12,13698.84
2014-07-29,584.63,585.57,584.45,586.22,9353.81
2014-07-28,583.18,586.49,585.62,586.9,20330.17
2014-07-27,595.55,594.8,594.13,594.77,5843.82
2014-07-26,597.6,595.89,595.62,596.46,9102.94
2014-07-25,601.3,601.56,600.59,601.79,9607.14
2014-07-24,611.12,598.78,598.4,600.07,19769.88
2014-07-23,622.7,620.68,619.66,619.72,9990.84
2014-07-22,623.47,622.11,620.91,622.78,9069.16
2014-07-21,621.58,622.23,621.12,622.33,11683.66
2014-07-20,628.38,624.34,622.84,625.07,5659.38
2014-07-19,628.67,631.04,629.86,631.27,6944.6
2014-07-18,627.85,628.79,627.71,628.01,12837.8
2014-07-17,619.67,624.79,624.16,623.2,16535.62
2014-07-16,620.75,617.57,616.92,617.34,12954.49
2014-07-15,624.03,623.75,622.19,622.57,10681.79
2014-07-14,623.86,622.44,621.47,622.1,11172.81
2014-07-13,631.93,629.51,628.56,629.14,9270.69
2014-07-12,633.74,634.47,634.27,634.84,11061.83
2014-07-11,623.06,632.86,631.39,632.87,14109.01
2014-07-10,620.52,618.46,617.15,618.24,15881.03
2014-07-09,625.92,626.36,625.57,625.98,9182.95
2014-07-08,624.1,627.18,625.79,626.62,9236.66
2014-07-07,629.41,622.83,621.41,622.62,17781.89
2014-07-06,634.6,634.14,633.21,633.68,9548.11
2014-07-05,630.65,629.25,628.02,628.8,8405.03
2014-07-04,639.31,630.65,628.69,630.09,19834.83
2014-07-03,645.99,641.89,640.51,641.74,16063.34
2014-07-02,646.26,648.06,647.07,647.44,23584.86
2014-07-01,649.27,648.09,646.45,648.11,39215.96
2014-06-30,617.13,639.73,638.31,639.1,53279.49
2014-06-29,596.05,595.67,594.84,595.3,7059.13
2014-06-28,597.36,599.23,597.22,599.28,19482.74
2014-06-27,583.63,584.87,583.75,582.74,22401.77
2014-06-26,571.09,574.71,573.79,574.0,18094.51
2014-06-25,572.8,565.11,563.94,563.92,29639.09
2014-06-24,591.72,588.56,587.73,587.86,13682.55
2014-06-23,593.12,591.1,589.2,590.25,16587.66
2014-06-22,600.69,600.55,599.3,600.6,13588.58
2014-06-21,593.09,594.93,593.36,593.94,11649.77
2014-06-20,594.26,594.74,592.84,593.73,25992.73
2014-06-19,606.64,598.09,597.23,597.87,17046.04
2014-06-18,609.5,607.22,606.67,607.06,24293.0
2014-06-17,597.98,609.78,608.36,610.21,21724.16
2014-06-16,595.47,597.14,596.1,596.15,44106.91
2014-06-15,565.11,573.2,570.63,571.12,28182.63
2014-06-14,579.32,564.0,561.96,563.92,50821.8
2014-06-13,596.95,597.07,594.86,596.9,74246.61
2014-06-12,628.19,590.35,588.03,588.68,49499.69
2014-06-11,646.77,631.16,629.53,629.54,26447.09
2014-06-10,652.74,652.96,651.74,652.33,20280.92
2014-06-09,650.61,647.2,645.85,647.78,21265.3
2014-06-08,656.03,655.72,655.11,655.78,9171.53
2014-06-07,652.69,655.8,654.7,654.44,18518.36
2014-06-06,656.6,654.13,653.35,653.7,19596.89
2014-06-05,650.5,660.4,657.99,660.28,31303.66
2014-06-04,643.51,643.76,642.87,644.15,44000.64
2014-06-01,641.14,644.74,642.1,643.12,52941.8
2014-05-31,615.78,619.94,617.78,618.16,17554.65
2014-05-30,595.52,621.51,620.22,620.08,36536.78
2014-05-29,568.37,569.05,567.75,568.01,25857.58
2014-05-28,571.79,571.31,569.66,570.33,25077.11
2014-05-27,574.33,575.03,574.48,574.9,52429.3
2014-05-26,578.68,581.31,580.06,580.65,41675.68
2014-05-25,555.87,568.75,567.41,567.09,67112.16
2014-05-24,520.29,523.99,522.77,523.26,17899.12
2014-05-23,527.62,525.78,524.33,524.57,53566.37
2014-05-22,505.79,523.6,522.17,522.51,46622.91
2014-05-21,490.77,491.75,490.58,491.04,24152.08
2014-05-20,461.12,484.12,482.57,482.65,68580.21
2014-05-19,444.39,445.27,444.7,444.5,10817.9
2014-05-18,445.52,444.93,444.32,444.55,4559.27
2014-05-17,448.18,446.9,445.89,447.12,4603.01
2014-05-16,447.03,448.47,447.33,447.88,9865.7
2014-05-15,446.67,447.28,446.27,446.88,13519.91
2014-05-14,443.19,447.09,446.74,446.3,15042.94
2014-05-13,439.4,439.92,438.84,440.2,13440.57
2014-05-12,438.62,441.46,440.45,440.33,12699.49
2014-05-11,446.17,437.35,436.82,437.76,26384.69
2014-05-10,450.9,453.3,452.65,453.32,8854.27
2014-05-08,442.04,440.41,439.09,439.76,17584.12
2014-05-07,434.86,443.57,442.95,443.09,32923.35
2014-05-06,429.04,429.55,427.92,428.47,22979.45
2014-05-05,432.45,431.81,431.32,432.37,19664.01
2014-05-04,434.79,435.49,434.57,435.17,10398.82
2014-05-03,441.96,438.62,437.8,438.59,20035.97
2014-05-02,449.92,447.6,446.66,447.93,17763.22
2014-05-01,453.18,458.32,456.47,457.12,23841.5
2014-04-30,445.32,448.05,446.85,447.41,25256.94
2014-04-29,443.7,445.35,444.56,444.38,30219.54
2014-04-28,436.1,445.44,444.31,445.36,44436.61
2014-04-27,453.46,444.4,443.65,443.92,18120.15
2014-04-26,456.6,458.05,457.05,457.44,21931.97
2014-04-25,466.8,461.32,460.35,460.89,82647.18
2014-04-24,488.78,496.1,495.23,495.11,16728.18
2014-04-23,488.63,490.45,489.71,490.54,15586.34
2014-04-22,493.34,487.68,485.91,487.74,19330.23
2014-04-21,499.55,494.27,493.52,494.48,23640.75
2014-04-20,501.7,495.93,494.22,495.12,16730.35
2014-04-19,491.08,502.5,501.56,502.11,30558.57
2014-04-18,485.42,,,,32004.42
2014-04-17,504.83,502.44,501.63,502.89,57953.96
2014-04-16,515.49,534.38,532.78,533.07,88542.05
2014-04-15,486.85,494.04,492.92,492.36,81578.85
2014-04-14,445.59,,,,94188.12
2014-04-13,415.41,,,,47557.75
2014-04-12,424.79,,,,39776.88
2014-04-11,403.02,,,,131367.54
2014-04-10,408.25,,,,135210.85
2014-04-09,449.19,,,,23264.93
2014-04-08,452.2,,,,18278.9
2014-04-07,454.27,,,,28821.66
2014-04-06,460.59,,,,16659.23
2014-04-05,453.05,,,,22202.22
2014-04-04,444.67,,,,39286.65
2014-04-03,434.93,,,,74799.24
2014-04-02,467.04,,,,97003.55
2014-04-01,476.87,,,,63306.79
2014-03-31,458.09,,,,59826.55
2014-03-30,471.09,,,,80698.83
2014-03-29,500.07,,,,16356.33
2014-03-28,503.01,,,,91621.98
2014-03-27,543.82,,,,109159.77
2014-03-26,581.52,,,,22495.02
2014-03-25,578.68,,,,18790.04
2014-03-24,564.73,,,,30156.82
2014-03-23,565.22,,,,13391.03
2014-03-22,564.65,,,,24897.92
2014-03-21,583.54,,,,52998.17
2014-03-20,589.44,,,,28301.72
2014-03-19,611.73,,,,16447.26
2014-03-18,615.01,,,,31447.73
2014-03-17,623.53,,,,17963.53
2014-03-16,631.25,,,,8366.2
2014-03-15,636.21,,,,6803.49
2014-03-14,628.58,,,,18946.23
2014-03-13,637.79,,,,18036.5
2014-03-12,632.34,,,,29628.12
2014-03-11,633.59,,,,18562.57
2014-03-10,627.14,,,,32750.42
2014-03-09,639.43,,,,24236.44
2014-03-08,619.6,,,,30236.41
2014-03-07,629.34,,,,54257.53
2014-03-06,662.57,,,,24348.76
2014-03-05,665.21,,,,33744.66
2014-03-04,668.28,,,,82883.68
2014-03-03,664.47,,,,143857.44
2014-03-02,555.06,,,,14204.37
2014-03-01,566.61,,,,32891.13
2014-02-28,550.46,,,,51151.03
2014-02-27,581.38,,,,44204.55
2014-02-26,584.61,,,,110551.05
2014-02-25,534.45,,,,237300.42
2014-02-24,547.09,,,,106498.99
2014-02-23,608.41,,,,52166.54
2014-02-22,599.38,,,,51923.57
2014-02-21,572.19,,,,82281.2
2014-02-20,561.11,,,,84532.03
2014-02-19,622.97,,,,22216.79
2014-02-18,624.72,,,,32018.5
2014-02-17,626.5,,,,50938.53
2014-02-16,616.21,,,,65059.82
2014-02-15,651.9,,,,40860.73
2014-02-14,662.32,,,,154492.4
2014-02-13,612.75,,,,64193.68
2014-02-12,654.43,,,,38785.54
2014-02-11,666.46,,,,107912.78
2014-02-10,676.76,,,,166214.54
2014-02-09,682.23,,,,57449.77
2014-02-08,670.33,,,,55535.44
2014-02-07,717.83,,,,161328.03
2014-02-06,780.31,,,,63977.3
2014-02-05,819.26,,,,27792.53
2014-02-04,827.99,,,,20056.54
2014-02-03,823.46,,,,16957.35
2014-02-02,825.2,,,,13672.78
2014-02-01,835.89,,,,23624.54
2014-01-31,828.59,,,,20596.43
2014-01-30,817.87,,,,36533.65
2014-01-29,826.39,,,,21468.23
2014-01-28,816.7,,,,55294.71
2014-01-27,766.78,,,,64094.28
2014-01-26,883.38,,,,36357.04
2014-01-25,851.38,,,,29263.69
2014-01-24,797.71,,,,43853.92
2014-01-23,822.17,,,,18944.62
2014-01-22,845.83,,,,21868.39
2014-01-21,867.11,,,,21412.07
2014-01-20,875.4,,,,31563.81
2014-01-19,861.84,,,,28215.05
2014-01-18,839.19,,,,21406.37
2014-01-17,813.31,,,,47884.43
2014-01-16,838.21,,,,23002.56
2014-01-15,862.07,,,,32649.46
2014-01-14,835.78,,,,24985.16
2014-01-13,844.98,,,,54144.11
2014-01-12,834.12,,,,44586.99
2014-01-11,865.96,,,,39706.11
2014-01-10,912.61,,,,54529.02
2014-01-09,837.04,,,,62614.05
2014-01-08,839.62,,,,53781.12
2014-01-07,859.49,,,,128116.85
2014-01-06,921.75,,,,75467.1
2014-01-05,985.68,,,,96038.26
2014-01-04,867.79,,,,48393.86
2014-01-03,821.99,,,,36000.73
2014-01-02,822.89,,,,61518.38
2014-01-01,772.53,,,,19297.95
2013-12-31,764.27,,,,36325.63
2013-12-30,748.49,,,,26426.36
2013-12-29,750.57,,,,30801.12
2013-12-28,722.38,,,,37859.22
2013-12-27,734.4,,,,49976.62
2013-12-26,752.38,,,,84710.63
2013-12-25,719.59,,,,41444.95
2013-12-24,672.89,,,,33220.44
2013-12-23,666.12,,,,44987.34
2013-12-22,640.85,,,,46897.3
2013-12-21,655.24,,,,66668.62
2013-12-20,618.86,,,,112141.93
2013-12-19,700.52,,,,159920.18
2013-12-18,613.76,,,,301117.78
2013-12-17,510.37,,,,235283.75
2013-12-16,706.34,,,,244756.57
2013-12-15,839.93,,,,39443.16
2013-12-14,836.09,,,,39810.82
2013-12-13,877.83,,,,41211.04
2013-12-12,930.74,,,,49790.52
2013-12-11,872.32,,,,72343.9
2013-12-10,937.26,,,,78426.99
2013-12-09,921.97,,,,70705.81
2013-12-08,897.01,,,,124223.05
2013-12-07,773.43,,,,178798.02
2013-12-06,654.74,,,,303160.89
2013-12-05,1022.37,,,,160181.89
2013-12-04,999.66,,,,101170.67
2013-12-03,1099.04,,,,45625.03
2013-12-02,1047.96,,,,80979.68
2013-12-01,1019.95,,,,199731.84
2013-11-30,1075.16,,,,72943.81
2013-11-29,1132.26,,,,72867.05
2013-11-28,1072.83,,,,124035.72
2013-11-27,978.51,,,,109643.99
2013-11-26,913.95,,,,100421.91
2013-11-25,833.38,,,,84248.95
2013-11-24,793.33,,,,53279.88
2013-11-23,744.89,,,,87719.58
2013-11-22,825.75,,,,88121.34
2013-11-21,707.05,,,,114468.26
2013-11-20,641.23,,,,173925.71
2013-11-19,494.68,,,,247274.82
2013-11-18,685.75,,,,256530.82
2013-11-17,548.26,,,,135794.76
2013-11-16,469.78,,,,61575.13
2013-11-15,431.69,,,,93530.82
2013-11-14,420.77,,,,67524.83
2013-11-13,416.68,,,,127250.03
2013-11-12,370.9,,,,69252.37
2013-11-11,354.66,,,,65959.83
2013-11-10,331.3,,,,112161.91
2013-11-09,325.83,,,,192155.86
2013-11-08,346.52,,,,138789.22
2013-11-07,312.74,,,,155413.28
2013-11-06,287.71,,,,147248.8
2013-11-05,255.44,,,,147146.68
2013-11-04,230.78,,,,80070.86
2013-11-03,215.62,,,,41493.4
2013-11-02,205.83,,,,13422.34
2013-11-01,206.72,,,,15064.62
2013-10-31,203.94,,,,23644.71
2013-10-30,200.79,,,,41369.6
2013-10-29,202.44,,,,42501.5
2013-10-28,200.07,,,,28493.26
2013-10-26,193.52,,,,35146.36
2013-10-25,176.29,,,,57916.09
2013-10-24,181.1,,,,109426.17
2013-10-23,194.62,,,,193890.28
2013-10-22,209.45,,,,84204.17
2013-10-21,191.33,,,,92232.28
2013-10-20,182.4,,,,68448.07
2013-10-19,172.73,,,,23938.37
2013-10-18,168.86,,,,114807.53
2013-10-17,155.01,,,,74351.37
2013-10-16,145.91,,,,62348.49
2013-10-15,143.64,,,,103192.23
2013-10-14,144.47,,,,42628.21
2013-10-13,139.51,,,,74916.35
2013-10-12,137.08,,,,29829.71
2013-10-11,135.12,,,,20943.53
2013-10-10,130.38,,,,22165.88
2013-10-09,129.9,,,,34144.61
2013-10-08,130.99,,,,44948.46
2013-10-07,125.91,,,,28096.35
2013-10-06,128.11,,,,18644.37
2013-10-05,128.49,,,,10040.79
2013-10-04,128.55,,,,10802.91
2013-10-03,129.35,,,,39464.33
2013-10-02,120.06,,,,226914.21
2013-10-01,133.03,,,,22718.9
2013-09-30,133.89,,,,28514.51
2013-09-29,134.09,,,,22006.41
2013-09-28,138.57,,,,26714.24
2013-09-27,133.32,,,,33382.66
2013-09-26,131.45,,,,34038.96
2013-09-25,128.75,,,,16530.79
2013-09-24,128.18,,,,27631.77
2013-09-23,126.31,,,,17558.1
2013-09-22,128.06,,,,10628.17
2013-09-21,128.55,,,,11417.9
2013-09-20,128.24,,,,22850.23
2013-09-19,128.62,,,,41562.83
2013-09-18,131.21,,,,26711.27
2013-09-16,132.08,,,,22774.02
2013-09-15,131.33,,,,22227.68
2013-09-14,130.53,,,,16089.19
2013-09-13,129.14,,,,20949.7
2013-09-12,135.52,,,,38311.19
2013-09-11,134.53,,,,50670.6
2013-09-10,130.69,,,,53157.14
2013-09-09,126.94,,,,25354.35
2013-09-08,126.59,,,,57222.03
2013-09-07,120.75,,,,14262.01
2013-09-06,124.22,,,,33377.3
2013-09-05,120.35,,,,44792.71
2013-09-04,129.29,,,,85410.78
2013-09-03,134.05,,,,19437.14
2013-09-02,136.42,,,,22802.17
2013-09-01,137.57,,,,24668.12
2013-08-31,136.3,,,,55761.55
2013-08-30,131.48,,,,67461.78
2013-08-29,122.43,,,,18865.07
2013-08-28,123.32,,,,24815.3
2013-08-27,124.04,,,,77800.87
2013-08-26,115.53,,,,23949.59
2013-08-25,114.69,,,,19954.85
2013-08-24,114.52,,,,14653.33
2013-08-23,114.32,,,,31221.96
2013-08-22,115.7,,,,28463.42
2013-08-21,115.2,,,,59210.74
2013-08-20,114.14,,,,37158.65
2013-08-19,112.91,,,,76343.18
2013-08-18,109.05,,,,13373.43
2013-08-17,107.16,,,,19071.91
2013-08-16,103.99,,,,23846.62
2013-08-15,105.28,,,,26917.83
2013-08-14,108.21,,,,72480.15
2013-08-13,102.21,,,,33031.0
2013-08-12,102.04,,,,29121.04
2013-08-11,100.37,,,,12519.09
2013-08-10,96.99,,,,8911.43
2013-08-09,97.51,,,,25121.11
2013-08-08,99.23,,,,43338.62
2013-08-07,100.82,,,,16721.42
2013-08-06,102.11,,,,24455.34
2013-08-05,101.91,,,,28471.36
2013-08-04,100.79,,,,10879.3
2013-08-03,100.24,,,,14569.03
2013-08-02,101.33,,,,46419.57
2013-08-01,101.46,,,,25061.31
2013-07-31,104.48,,,,69414.88
2013-07-30,100.15,,,,42966.3
2013-07-29,97.5,,,,38700.33
2013-07-28,96.84,,,,52991.77
2013-07-27,92.72,,,,20458.46
2013-07-26,93.13,,,,20568.6
2013-07-25,93.4,,,,35790.24
2013-07-24,91.07,,,,25687.95
2013-07-23,90.9,,,,40822.92
2013-07-22,88.33,,,,18288.74
2013-07-21,87.78,,,,13105.41
2013-07-20,89.09,,,,15263.38
2013-07-19,89.65,,,,38600.97
2013-07-18,88.31,,,,87345.71
2013-07-17,95.32,,,,27262.3
2013-07-16,95.2,,,,28743.7
2013-07-15,96.51,,,,52064.24
2013-07-14,93.97,,,,19616.22
2013-07-13,91.8,,,,46105.44
2013-07-12,95.07,,,,147428.21
2013-07-11,86.41,,,,59484.18
2013-07-10,81.09,,,,96022.46
2013-07-09,74.49,,,,54473.51
2013-07-08,76.0,,,,86388.61
2013-07-07,70.26,,,,54933.2
2013-07-06,69.05,,,,65519.42
2013-07-05,70.82,,,,140692.07
2013-07-04,77.9,,,,98695.33
2013-07-03,82.75,,,,103433.7
2013-07-02,88.13,,,,45900.65
2013-07-01,89.03,,,,85698.58
2013-06-30,94.26,,,,13506.33
2013-06-29,95.08,,,,33063.51
2013-06-28,95.06,,,,72398.29
2013-06-27,100.59,,,,21456.73
2013-06-26,102.27,,,,19089.91
2013-06-25,103.65,,,,103866.38
2013-06-24,101.35,,,,45260.96
2013-06-23,104.93,,,,17227.4
2013-06-22,105.02,,,,15586.35
2013-06-21,108.13,,,,56816.04
2013-06-20,110.04,,,,56288.06
2013-06-19,106.95,,,,27099.22
2013-06-18,106.87,,,,78856.12
2013-06-17,100.72,,,,21984.87
2013-06-16,99.92,,,,13401.97
2013-06-15,100.38,,,,29365.04
2013-06-14,100.54,,,,51765.6
2013-06-13,105.08,,,,43700.99
2013-06-12,108.85,,,,29365.16
2013-06-11,106.83,,,,24965.08
2013-06-10,104.68,,,,85067.77
2013-06-09,98.0,,,,196833.56
2013-06-08,109.07,,,,27044.26
2013-06-07,112.35,,,,92399.83
2013-06-06,119.73,,,,28975.87
2013-06-05,121.11,,,,24405.15
2013-06-04,120.9,,,,33315.41
2013-06-03,119.12,,,,42772.89
2013-06-02,121.94,,,,123928.63
2013-06-01,128.1,,,,11267.32
2013-05-31,127.95,,,,24090.49
2013-05-30,129.11,,,,37663.43
2013-05-29,129.37,,,,32147.57
2013-05-28,127.18,,,,32154.11
2013-05-27,128.94,,,,59002.65
2013-05-26,132.96,,,,30120.69
2013-05-25,129.9,,,,25080.39
2013-05-24,128.8,,,,68705.96
2013-05-23,123.55,,,,35215.72
2013-05-22,120.96,,,,29564.88
2013-05-21,120.06,,,,20873.61
2013-05-20,120.47,,,,24287.85
2013-05-19,120.08,,,,28457.9
2013-05-18,121.96,,,,29456.47
2013-05-17,119.9,,,,97045.1
2013-05-16,114.23,,,,56914.72
2013-05-15,109.6,,,,141461.11
2013-05-14,114.33,,,,107436.99
2013-05-13,116.34,,,,34113.79
2013-05-12,114.25,,,,26969.05
2013-05-11,115.24,,,,35699.94
2013-05-10,117.3,,,,96380.03
2013-05-09,111.15,,,,37593.99
2013-05-08,112.94,,,,77523.07
2013-05-07,106.63,,,,171517.12
2013-05-06,117.03,,,,183629.07
2013-05-05,113.48,,,,102653.46
2013-05-04,106.64,,,,170565.04
2013-05-03,91.35,,,,306215.37
2013-05-02,106.65,,,,287744.21
2013-05-01,120.87,,,,225293.59
2013-04-30,138.98,,,,82894.47
2013-04-29,141.03,,,,91371.08
2013-04-28,132.3,,,,37734.27
2013-04-27,130.5,,,,75215.8
2013-04-26,131.75,,,,156197.3
2013-04-25,142.61,,,,225732.0
2013-04-24,150.41,,,,275135.75
2013-04-23,132.85,,,,143728.1
2013-04-22,121.95,,,,74864.49
2013-04-21,119.29,,,,136283.87
2013-04-20,122.9,,,,91508.55
2013-04-19,118.46,,,,315048.39
2013-04-18,96.78,,,,208772.7
2013-04-17,84.85,,,,396386.46
2013-04-16,65.39,,,,668549.18
2013-04-15,86.91,,,,286922.12
2013-04-14,97.19,,,,187043.01
2013-04-13,108.55,,,,287902.09
2013-04-12,84.59,,,,659349.51
2013-04-11,131.95,,,,218886.18
2013-04-10,181.66,,,,257543.79
2013-04-09,213.72,,,,127331.55
2013-04-08,180.39,,,,139433.88
2013-04-07,152.79,,,,76530.37
2013-04-06,140.64,,,,27491.06
2013-04-05,138.43,,,,83915.14
2013-04-04,131.07,,,,102388.61
2013-04-03,127.86,,,,186715.45
2013-04-02,107.26,,,,98947.44
2013-04-01,99.53,,,,106952.72
2013-03-31,92.59,,,,24755.36
2013-03-30,91.55,,,,41577.77
2013-03-29,88.81,,,,92719.81
2013-03-28,87.49,,,,160136.7
2013-03-27,84.86,,,,83382.56
2013-03-26,77.23,,,,67194.66
2013-03-25,74.02,,,,91673.15
2013-03-24,68.62,,,,48755.53
2013-03-23,62.5,,,,168065.43
2013-03-22,70.45,,,,83401.32
2013-03-21,68.89,,,,111903.98
2013-03-20,61.85,,,,105618.69
2013-03-19,55.13,,,,129661.05
2013-03-18,48.63,,,,77088.62
2013-03-17,46.85,,,,17862.61
2013-03-16,46.52,,,,19493.93
2013-03-15,46.68,,,,23820.41
2013-03-14,47.08,,,,43657.33
2013-03-13,46.16,,,,57816.08
2013-03-12,43.65,,,,201142.18
2013-03-11,47.41,,,,48474.26
2013-03-10,46.69,,,,40086.8
2013-03-09,45.28,,,,50008.93
2013-03-08,43.08,,,,52731.55
2013-03-07,40.87,,,,178461.07
2013-03-06,45.18,,,,141609.11
2013-03-05,39.28,,,,95428.74
2013-03-04,35.29,,,,57204.62
2013-03-03,34.01,,,,14788.04
2013-03-02,33.86,,,,39788.04
2013-03-01,34.19,,,,45365.71
2013-02-28,32.67,,,,138125.89
2013-02-27,31.08,,,,37887.46
2013-02-26,30.95,,,,49485.72
2013-02-25,30.04,,,,29653.38
2013-02-24,29.75,,,,26618.85
2013-02-23,28.97,,,,80200.86
2013-02-22,30.44,,,,76379.26
2013-02-21,29.68,,,,40153.53
2013-02-20,29.47,,,,42609.44
2013-02-19,28.18,,,,112747.46
2013-02-18,26.73,,,,34429.7
2013-02-17,26.38,,,,87142.75
2013-02-16,27.07,,,,24540.34
2013-02-15,26.95,,,,58499.74
2013-02-14,25.41,,,,162321.04
2013-02-13,25.47,,,,97711.36
2013-02-12,25.06,,,,86860.84
2013-02-11,24.04,,,,35954.71
2013-02-10,23.41,,,,60795.35
2013-02-09,23.19,,,,42377.2
2013-02-08,22.4,,,,53216.59
2013-02-07,21.55,,,,73905.38
2013-02-06,21.04,,,,59688.86
2013-02-05,20.53,,,,33855.04
2013-02-04,20.41,,,,58735.06
2013-02-03,20.22,,,,39662.34
2013-02-02,19.48,,,,88436.87
2013-02-01,20.7,,,,56241.42
2013-01-31,20.53,,,,110063.46
2013-01-30,19.43,,,,50809.65
2013-01-29,19.14,,,,98623.96
2013-01-28,18.29,,,,66002.95
2013-01-27,17.57,,,,30029.41
2013-01-26,17.13,,,,39107.78
2013-01-25,16.69,,,,89204.88
2013-01-24,17.77,,,,196388.19
2013-01-23,17.2,,,,58029.56
2013-01-22,17.13,,,,68353.86
2013-01-21,16.35,,,,75081.41
2013-01-20,15.67,,,,30272.25
2013-01-19,15.45,,,,37437.3
2013-01-18,15.64,,,,65803.2
2013-01-17,15.14,,,,73812.04
2013-01-16,14.49,,,,53760.72
2013-01-15,14.19,,,,58576.77
2013-01-14,14.19,,,,28206.93
2013-01-13,14.09,,,,41193.78
2013-01-12,14.15,,,,30051.71
2013-01-11,14.1,,,,44371.21
2013-01-10,14.02,,,,60055.16
2013-01-09,13.69,,,,35185.69
2013-01-08,13.66,,,,52160.01
2013-01-07,13.44,,,,32428.79
2013-01-06,13.42,,,,14226.85
2013-01-05,13.38,,,,27169.79
2013-01-04,13.38,,,,34171.37
2013-01-03,13.32,,,,22633.92
2013-01-02,13.29,,,,20312.5
2013-01-01,13.31,,,,31853.98
2012-12-31,13.44,,,,17896.89
2012-12-30,13.41,,,,13857.1
2012-12-29,13.47,,,,27808.65
2012-12-28,13.38,,,,30944.49
2012-12-27,13.32,,,,24556.32
2012-12-26,13.3,,,,19006.14
2012-12-25,13.29,,,,15642.04
2012-12-24,13.34,,,,19562.39
2012-12-23,13.21,,,,25849.15
2012-12-22,13.36,,,,18573.4
2012-12-21,13.45,,,,31065.18
2012-12-20,13.45,,,,41102.42
2012-12-19,13.34,,,,47991.84
2012-12-18,13.2,,,,29564.0
2012-12-17,13.18,,,,73051.61
2012-12-16,13.35,,,,46291.31
2012-12-15,13.51,,,,17542.09
2012-12-14,13.57,,,,77911.06
2012-12-13,13.62,,,,31077.61
2012-12-12,13.57,,,,43791.71
2012-12-11,13.47,,,,32268.06
2012-12-10,13.36,,,,34636.18
2012-12-09,13.22,,,,31278.72
2012-12-08,13.43,,,,15035.46
2012-12-07,13.32,,,,42176.21
2012-12-06,13.37,,,,53775.91
2012-12-05,13.25,,,,35903.0
2012-12-04,12.98,,,,72189.04
2012-12-03,12.52,,,,35479.17
2012-12-02,12.51,,,,17544.52
2012-12-01,12.53,,,,18864.06
2012-11-30,12.51,,,,29914.19
2012-11-29,12.39,,,,33220.13
2012-11-28,12.25,,,,37384.25
2012-11-27,12.07,,,,42522.06
2012-11-26,12.34,,,,42345.29
2012-11-25,12.46,,,,27182.54
2012-11-24,12.34,,,,22289.96
2012-11-23,12.25,,,,23456.66
2012-11-22,12.03,,,,72827.06
2012-11-21,11.69,,,,24904.22
2012-11-20,11.68,,,,31729.4
2012-11-19,11.67,,,,34362.57
2012-11-18,11.68,,,,19002.6
2012-11-17,11.64,,,,22861.43
2012-11-16,11.44,,,,71109.72
2012-11-15,11.04,,,,37641.72
2012-11-14,10.93,,,,27473.31
2012-11-13,10.95,,,,22279.24
2012-11-12,10.93,,,,47678.8
2012-11-11,10.72,,,,17455.0
2012-11-10,10.83,,,,15512.98
2012-11-09,10.81,,,,19607.82
2012-11-08,10.85,,,,33039.05
2012-11-07,10.92,,,,39218.3
2012-11-06,10.76,,,,33778.21
2012-11-05,10.63,,,,34120.42
2012-11-04,10.55,,,,24983.78
2012-11-03,10.48,,,,23415.75
2012-11-02,10.54,,,,32224.55
2012-11-01,10.92,,,,55264.75
2012-10-31,10.99,,,,46251.5
2012-10-30,10.7,,,,33111.96
2012-10-29,10.61,,,,44750.23
2012-10-28,10.53,,,,25587.27
2012-10-27,10.35,,,,51384.62
2012-10-26,10.28,,,,106642.45
2012-10-25,11.02,,,,92861.45
2012-10-24,11.62,,,,27142.88
2012-10-23,11.69,,,,61934.65
2012-10-22,11.65,,,,44351.68
2012-10-21,11.61,,,,13272.01
2012-10-20,11.69,,,,25415.8
2012-10-19,11.73,,,,35461.38
2012-10-18,11.85,,,,25350.12
2012-10-17,11.83,,,,28917.74
2012-10-16,11.78,,,,43937.75
2012-10-15,11.68,,,,33192.16
2012-10-14,11.82,,,,25397.74
2012-10-13,11.88,,,,17933.5
2012-10-12,12.03,,,,24497.5
2012-10-11,12.0,,,,24797.92
2012-10-10,12.01,,,,34123.19
2012-10-09,11.97,,,,51277.94
2012-10-08,11.25,,,,104904.54
2012-10-07,12.01,,,,69334.49
2012-10-06,12.56,,,,27373.05
2012-10-05,12.68,,,,38600.62
2012-10-04,12.84,,,,45182.37
2012-10-03,12.75,,,,45955.38
2012-10-02,12.56,,,,64776.82
2012-10-01,12.28,,,,34870.12
2012-09-30,12.35,,,,8988.13
2012-09-29,12.36,,,,20366.46
2012-09-28,12.3,,,,32460.78
2012-09-27,12.27,,,,25350.73
2012-09-26,12.19,,,,28237.39
2012-09-25,12.06,,,,26572.57
2012-09-24,12.06,,,,34894.0
2012-09-23,11.99,,,,43087.01
2012-09-22,12.2,,,,16883.95
2012-09-21,12.26,,,,39632.85
2012-09-20,12.47,,,,36550.42
2012-09-19,12.39,,,,46488.63
2012-09-18,12.03,,,,48650.96
2012-09-17,11.86,,,,32445.04
2012-09-16,11.86,,,,33453.18
2012-09-15,11.69,,,,17872.55
2012-09-14,11.56,,,,48362.47
2012-09-13,11.33,,,,24141.76
2012-09-12,11.19,,,,64111.18
2012-09-11,11.08,,,,75121.59
2012-09-10,11.03,,,,47204.29
2012-09-09,11.03,,,,16380.47
2012-09-08,10.97,,,,28322.97
2012-09-07,11.1,,,,39152.61
2012-09-06,10.94,,,,74206.45
2012-09-05,10.73,,,,65899.54
2012-09-04,10.3,,,,38972.25
2012-09-03,10.34,,,,25474.93
2012-09-02,10.04,,,,27734.48
2012-09-01,9.99,,,,25437.8
2012-08-31,10.19,,,,72571.66
2012-08-30,10.75,,,,33838.4
2012-08-29,10.84,,,,59451.87
2012-08-28,10.89,,,,63646.47
2012-08-27,11.18,,,,185233.96
2012-08-26,10.55,,,,28418.87
2012-08-25,10.44,,,,42241.23
2012-08-24,10.26,,,,98993.86
2012-08-23,10.0,,,,60424.94
2012-08-22,9.91,,,,78584.19
2012-08-21,10.03,,,,78668.01
2012-08-20,9.51,,,,204044.64
2012-08-19,9.09,,,,249729.48
2012-08-18,11.86,,,,92818.45
2012-08-17,13.31,,,,235650.61
2012-08-16,13.22,,,,103915.27
2012-08-15,12.6,,,,63282.19
2012-08-14,12.08,,,,48977.86
2012-08-13,11.75,,,,64277.98
2012-08-12,11.62,,,,33231.76
2012-08-11,11.49,,,,23214.23
2012-08-10,11.37,,,,73648.72
2012-08-09,11.32,,,,110042.08
2012-08-08,11.01,,,,36054.13
2012-08-07,10.81,,,,49110.5
2012-08-06,10.87,,,,58822.31
2012-08-05,10.6,,,,74893.19
2012-08-04,10.99,,,,56356.48
2012-08-03,10.71,,,,68492.76
2012-08-02,10.1,,,,133500.85
2012-08-01,9.4,,,,77790.61
2012-07-31,9.24,,,,72372.2
2012-07-30,8.92,,,,58025.42
2012-07-29,8.76,,,,13047.72
2012-07-28,8.85,,,,18784.9
2012-07-27,8.88,,,,28979.01
2012-07-26,8.75,,,,35892.42
2012-07-25,8.58,,,,69053.13
2012-07-24,8.61,,,,45954.35
2012-07-23,8.46,,,,156081.22
2012-07-22,8.61,,,,32479.96
2012-07-21,8.87,,,,144540.61
2012-07-20,8.2,,,,159917.65
2012-07-19,9.08,,,,53925.27
2012-07-18,9.0,,,,115863.21
2012-07-17,8.33,,,,219914.13
2012-07-16,8.05,,,,111331.33
2012-07-15,7.57,,,,29043.65
2012-07-14,7.59,,,,17583.27
2012-07-13,7.63,,,,69318.06
2012-07-12,7.28,,,,70243.04
2012-07-11,7.1,,,,44687.51
2012-07-10,7.09,,,,77769.99
2012-07-09,6.86,,,,73697.58
2012-07-08,6.77,,,,21116.88
2012-07-07,6.76,,,,42251.16
2012-07-06,6.63,,,,47667.23
2012-07-05,6.64,,,,50333.45
2012-07-04,6.5,,,,38970.5
2012-07-03,6.55,,,,76599.93
2012-07-02,6.68,,,,43933.47
2012-07-01,6.6,,,,25330.1
2012-06-30,6.64,,,,27561.15
2012-06-29,6.59,,,,38683.2
2012-06-28,6.56,,,,49106.69
2012-06-27,6.52,,,,58209.52
2012-06-26,6.38,,,,57115.29
2012-06-25,6.3,,,,71616.14
2012-06-24,6.38,,,,40691.77
2012-06-23,6.48,,,,25262.29
2012-06-22,6.58,,,,60850.21
2012-06-21,6.68,,,,54898.3
2012-06-20,6.6,,,,71171.79
2012-06-19,6.43,,,,48431.62
2012-06-18,6.26,,,,51429.69
2012-06-17,6.31,,,,54035.76
2012-06-16,6.45,,,,90218.81
2012-06-15,6.1,,,,73004.44
2012-06-14,5.88,,,,44520.73
2012-06-13,5.85,,,,64507.92
2012-06-12,5.62,,,,93311.58
2012-06-11,5.49,,,,47167.89
2012-06-10,5.46,,,,32005.42
2012-06-09,5.57,,,,44492.86
2012-06-08,5.61,,,,61181.09
2012-06-07,5.49,,,,54470.68
2012-06-06,5.43,,,,45219.39
2012-06-05,5.38,,,,90656.65
2012-06-04,5.23,,,,54323.51
2012-06-03,5.19,,,,16266.07
2012-06-02,5.21,,,,20113.96
2012-06-01,5.23,,,,50232.96
2012-05-31,5.15,,,,44661.34
2012-05-30,5.13,,,,44846.12
2012-05-29,5.1,,,,66644.92
2012-05-28,5.11,,,,32343.98
2012-05-27,5.08,,,,21810.05
2012-05-26,5.09,,,,23228.41
2012-05-25,5.1,,,,29328.53
2012-05-24,5.11,,,,32712.16
2012-05-23,5.12,,,,58979.29
2012-05-22,5.07,,,,49853.61
2012-05-21,5.07,,,,44937.69
2012-05-20,5.1,,,,21998.3
2012-05-19,5.09,,,,26725.79
2012-05-18,5.09,,,,57383.59
2012-05-17,5.07,,,,30047.27
2012-05-16,5.06,,,,75923.36
2012-05-15,4.99,,,,54264.45
2012-05-14,4.98,,,,57834.77
2012-05-13,4.95,,,,16229.36
2012-05-12,4.94,,,,25803.42
2012-05-11,4.92,,,,70556.8
2012-05-10,4.95,,,,78061.25
2012-05-09,5.04,,,,44314.25
2012-05-08,5.02,,,,72979.72
2012-05-07,5.03,,,,50476.44
2012-05-06,5.04,,,,23482.3
2012-05-05,5.04,,,,24771.14
2012-05-04,5.11,,,,48139.82
2012-05-03,5.08,,,,40204.15
2012-05-02,5.07,,,,104859.74
2012-05-01,4.96,,,,38468.0
2012-04-30,4.94,,,,59158.68
2012-04-29,4.94,,,,23229.31
2012-04-28,4.96,,,,95364.25
2012-04-27,5.07,,,,28907.87
2012-04-26,5.07,,,,64780.5
2012-04-25,5.12,,,,39131.01
2012-04-24,5.06,,,,81969.36
2012-04-23,5.12,,,,54538.37
2012-04-22,5.18,,,,39302.21
2012-04-21,5.27,,,,63914.19
2012-04-20,5.22,,,,111485.44
2012-04-19,5.13,,,,56162.11
2012-04-18,5.07,,,,86727.91
2012-04-17,4.95,,,,33894.46
2012-04-16,4.91,,,,42116.87
2012-04-15,4.92,,,,34633.22
2012-04-14,4.97,,,,68489.72
2012-04-13,4.85,,,,102566.45
2012-04-12,4.86,,,,56477.15
2012-04-11,4.88,,,,71299.88
2012-04-10,4.8,,,,61971.73
2012-04-09,4.75,,,,43886.22
2012-04-08,4.71,,,,44932.46
2012-04-07,4.8,,,,84456.12
2012-04-06,4.93,,,,62942.73
2012-04-05,4.9,,,,38277.52
2012-04-04,4.91,,,,57336.28
2012-04-03,4.9,,,,80447.8
2012-04-02,4.92,,,,87369.1
2012-04-01,4.78,,,,38084.05
2012-03-31,4.88,,,,37531.15
2012-03-30,4.77,,,,44664.89
2012-03-29,4.73,,,,43595.84
2012-03-28,4.79,,,,39295.33
2012-03-27,4.66,,,,77518.59
2012-03-26,4.64,,,,72253.66
2012-03-25,4.5,,,,73543.36
2012-03-24,4.65,,,,40124.4
2012-03-23,4.69,,,,56575.33
2012-03-22,4.75,,,,62474.51
2012-03-21,4.81,,,,48284.29
2012-03-20,4.79,,,,68414.9
2012-03-19,4.88,,,,191687.46
2012-03-18,5.22,,,,26124.69
2012-03-17,5.31,,,,40292.56
2012-03-16,5.33,,,,34279.84
2012-03-15,5.3,,,,44431.88
2012-03-14,5.35,,,,66557.18
2012-03-13,5.15,,,,131788.79
2012-03-12,4.87,,,,24334.29
2012-03-11,4.89,,,,44034.84
2012-03-10,4.8,,,,29747.44
2012-03-09,4.89,,,,34399.55
2012-03-08,4.87,,,,59191.1
2012-03-07,4.92,,,,48072.34
2012-03-06,4.97,,,,46425.13
2012-03-05,4.93,,,,68645.8
2012-03-04,4.8,,,,59641.4
2012-03-03,4.67,,,,41061.89
2012-03-02,4.69,,,,131794.73
2012-03-01,4.92,,,,46227.35
2012-02-29,4.82,,,,28961.23
2012-02-28,4.87,,,,64203.91
2012-02-27,4.93,,,,31086.06
2012-02-26,4.95,,,,71192.69
2012-02-25,4.88,,,,86781.01
2012-02-24,4.97,,,,91451.54
2012-02-23,4.82,,,,166366.72
2012-02-22,4.44,,,,105451.97
2012-02-21,4.31,,,,53194.52
2012-02-20,4.37,,,,39136.55
2012-02-19,4.35,,,,63161.55
2012-02-18,4.27,,,,71150.88
2012-02-17,4.46,,,,137178.35
2012-02-16,4.19,,,,167515.15
2012-02-15,4.58,,,,162859.25
2012-02-14,4.7,,,,299210.01
2012-02-13,5.34,,,,171158.03
2012-02-12,5.6,,,,83126.79
2012-02-11,5.7,,,,70863.96
2012-02-10,5.87,,,,40471.4
2012-02-09,5.75,,,,91046.61
2012-02-08,5.64,,,,239256.37
2012-02-07,5.62,,,,73672.9
2012-02-06,5.55,,,,90794.3
2012-02-05,5.68,,,,121375.76
2012-02-04,5.92,,,,21085.53
2012-02-03,5.92,,,,60462.79
2012-02-02,6.03,,,,55553.16
2012-02-01,5.82,,,,116746.22
2012-01-31,5.53,,,,49164.86
2012-01-30,5.51,,,,42757.95
2012-01-29,5.48,,,,47093.57
2012-01-28,5.57,,,,90550.07
2012-01-27,5.29,,,,117072.29
2012-01-26,5.59,,,,124483.63
2012-01-25,5.88,,,,133966.24
2012-01-24,6.3,,,,36081.52
2012-01-23,6.29,,,,18596.26
2012-01-22,6.29,,,,45282.24
2012-01-21,6.29,,,,65100.95
2012-01-20,6.44,,,,67356.71
2012-01-19,6.18,,,,115458.7
2012-01-18,5.98,,,,227363.99
2012-01-17,6.04,,,,214178.93
2012-01-16,6.83,,,,123869.49
2012-01-15,6.9,,,,62699.0
2012-01-14,6.59,,,,142982.47
2012-01-13,6.61,,,,61030.15
2012-01-12,6.74,,,,141157.89
2012-01-11,6.81,,,,100713.58
2012-01-10,6.4,,,,110797.84
2012-01-09,6.47,,,,149622.35
2012-01-08,7.03,,,,59204.52
2012-01-07,6.72,,,,48824.63
2012-01-06,6.79,,,,220874.48
2012-01-05,6.2,,,,184803.98
2012-01-04,5.25,,,,132302.61
2012-01-03,4.95,,,,126201.41
2012-01-02,5.21,,,,69590.26
2012-01-01,5.1,,,,109715.97
2011-12-31,4.6,,,,131056.91
2011-12-30,4.19,,,,41730.95
2011-12-29,4.22,,,,53844.05
2011-12-28,4.14,,,,34619.22
2011-12-27,4.02,,,,31427.07
2011-12-26,4.04,,,,89435.39
2011-12-25,4.14,,,,81062.98
2011-12-24,3.92,,,,15579.42
2011-12-23,3.9,,,,21101.04
2011-12-22,3.79,,,,57621.99
2011-12-21,3.93,,,,49632.1
2011-12-20,3.97,,,,187493.36
2011-12-19,3.41,,,,141522.49
2011-12-18,3.2,,,,11370.34
2011-12-17,3.19,,,,16957.0
2011-12-16,3.18,,,,30928.62
2011-12-15,3.17,,,,30782.06
2011-12-14,3.12,,,,73772.18
2011-12-13,3.21,,,,33480.66
2011-12-12,3.18,,,,40857.21
2011-12-11,3.2,,,,109957.11
2011-12-10,3.04,,,,75433.74
2011-12-09,2.99,,,,35346.14
2011-12-08,2.95,,,,41242.33
2011-12-07,3.0,,,,59401.09
2011-12-06,2.98,,,,57102.26
2011-12-05,2.87,,,,31533.18
2011-12-04,2.75,,,,95772.81
2011-12-03,2.93,,,,123933.65
2011-12-02,3.1,,,,58549.86
2011-12-01,3.05,,,,65503.57
2011-11-30,2.91,,,,121003.03
2011-11-29,2.79,,,,181329.33
2011-11-28,2.51,,,,42519.93
2011-11-27,2.46,,,,23125.54
2011-11-26,2.48,,,,36412.63
2011-11-25,2.47,,,,45361.86
2011-11-24,2.42,,,,88867.34
2011-11-23,2.32,,,,41113.77
2011-11-22,2.31,,,,35273.62
2011-11-21,2.23,,,,43745.57
2011-11-20,2.28,,,,80777.15
2011-11-19,2.17,,,,79753.9
2011-11-18,2.14,,,,99565.69
2011-11-17,2.23,,,,120547.36
2011-11-16,2.46,,,,44834.6
2011-11-15,2.3,,,,77616.0
2011-11-14,2.51,,,,384475.29
2011-11-13,3.0,,,,9780.33
2011-11-12,3.06,,,,20995.48
2011-11-11,2.97,,,,45292.63
2011-11-10,2.87,,,,34708.29
2011-11-09,3.0,,,,52850.96
2011-11-08,3.09,,,,62115.94
2011-11-07,3.0,,,,24480.55
2011-11-06,2.96,,,,17543.6
2011-11-05,3.01,,,,53518.09
2011-11-04,3.13,,,,40625.69
2011-11-03,3.21,,,,24922.18
2011-11-02,3.23,,,,32727.8
2011-11-01,3.19,,,,38666.72
2011-10-31,3.19,,,,31543.0
2011-10-30,3.38,,,,51820.79
2011-10-29,3.54,,,,80533.65
2011-10-28,3.11,,,,53410.78
2011-10-27,2.92,,,,59449.56
2011-10-26,2.75,,,,30326.81
2011-10-25,2.74,,,,102426.43
2011-10-24,2.81,,,,92803.84
2011-10-23,3.08,,,,37764.56
2011-10-22,3.01,,,,121360.17
2011-10-21,2.54,,,,73851.07
2011-10-20,2.31,,,,49371.88
2011-10-19,2.28,,,,102479.86
2011-10-18,2.62,,,,88365.65
2011-10-17,2.85,,,,208676.35
2011-10-16,3.64,,,,37512.1
2011-10-15,3.89,,,,42895.66
2011-10-14,4.0,,,,21444.18
2011-10-13,4.08,,,,20669.62
2011-10-12,4.07,,,,70098.1
2011-10-11,3.95,,,,41837.43
2011-10-10,4.1,,,,17580.38
2011-10-09,4.19,,,,38169.59
2011-10-08,4.03,,,,40238.24
2011-10-07,4.29,,,,98871.79
2011-10-06,4.68,,,,57609.01
2011-10-05,4.86,,,,20570.04
2011-10-04,4.9,,,,20007.76
2011-10-03,4.94,,,,19569.47
2011-10-02,4.98,,,,10982.6
2011-10-01,5.05,,,,23967.33
2011-09-30,5.01,,,,42893.6
2011-09-29,4.7,,,,16923.63
2011-09-28,4.74,,,,35035.38
2011-09-27,4.84,,,,32240.24
2011-09-26,4.95,,,,58824.78
2011-09-25,5.32,,,,12219.25
2011-09-24,5.41,,,,20257.37
2011-09-23,5.59,,,,57873.1
2011-09-22,5.49,,,,35211.01
2011-09-21,5.62,,,,71983.35
2011-09-20,6.1,,,,120257.28
2011-09-19,5.26,,,,52915.08
2011-09-18,5.11,,,,47284.85
2011-09-17,4.77,,,,23095.8
2011-09-16,4.81,,,,32338.46
2011-09-15,4.97,,,,88688.37
2011-09-14,5.55,,,,45360.18
2011-09-13,5.79,,,,26147.95
2011-09-12,6.04,,,,64182.61
2011-09-11,6.06,,,,145150.7
2011-09-10,5.03,,,,44639.39
2011-09-09,5.31,,,,217540.23
2011-09-08,6.8,,,,31944.44
2011-09-07,7.03,,,,49687.4
2011-09-06,6.73,,,,82558.56
2011-09-05,7.62,,,,30846.84
2011-09-04,8.17,,,,19719.6
2011-09-03,8.53,,,,6975.23
2011-09-02,8.44,,,,16836.29
2011-09-01,8.22,,,,11912.68
2011-08-31,8.35,,,,19683.08
2011-08-30,8.78,,,,11810.88
2011-08-29,8.93,,,,21685.29
2011-08-28,8.97,,,,24159.85
2011-08-27,8.63,,,,22010.04
2011-08-26,8.65,,,,83026.56
2011-08-25,10.01,,,,55547.42
2011-08-24,10.94,,,,7852.55
2011-08-23,11.03,,,,12797.1
2011-08-22,11.03,,,,37055.32
2011-08-21,11.38,,,,8787.2
2011-08-20,11.49,,,,9940.27
2011-08-19,11.4,,,,33765.21
2011-08-18,10.9,,,,8222.8
2011-08-17,10.88,,,,22939.98
2011-08-16,11.05,,,,15334.63
2011-08-15,11.3,,,,38183.53
2011-08-14,10.61,,,,44142.85
2011-08-13,9.8,,,,29759.76
2011-08-12,9.32,,,,41592.12
2011-08-11,9.47,,,,58114.56
2011-08-10,10.0,,,,24254.45
2011-08-09,9.72,,,,114472.78
2011-08-08,7.74,,,,34042.22
2011-08-07,7.72,,,,89830.96
2011-08-06,7.82,,,,102411.73
2011-08-05,10.27,,,,30765.69
2011-08-04,10.58,,,,50094.1
2011-08-03,10.45,,,,90287.33
2011-08-02,12.39,,,,57242.69
2011-08-01,13.17,,,,21748.09
2011-07-31,13.52,,,,45723.44
2011-07-30,13.53,,,,6104.38
2011-07-29,13.51,,,,7257.51
2011-07-28,13.61,,,,32738.27
2011-07-27,13.96,,,,11508.66
2011-07-26,13.91,,,,16793.86
2011-07-25,14.2,,,,31577.96
2011-07-24,13.86,,,,26623.26
2011-07-23,13.64,,,,22455.6
2011-07-22,13.65,,,,15165.62
2011-07-21,13.66,,,,25018.37
2011-07-20,13.69,,,,23177.9
2011-07-19,14.04,,,,67575.61
2011-07-18,13.03,,,,75896.31
2011-07-17,13.34,,,,34375.47
2011-07-16,13.62,,,,17264.49
2011-07-15,13.9,,,,24819.54
2011-07-14,13.93,,,,17661.16
2011-07-13,14.03,,,,10338.15
2011-07-12,14.15,,,,26356.51
2011-07-11,14.37,,,,49160.01
2011-07-10,15.08,,,,45284.42
2011-07-09,14.39,,,,11909.17
2011-07-08,14.35,,,,34853.42
2011-07-07,15.16,,,,54465.7
2011-07-06,14.8,,,,111818.32
2011-07-05,12.8,,,,84081.15
2011-07-04,14.48,,,,52276.99
2011-07-03,15.48,,,,16792.29
2011-07-02,15.53,,,,19453.24
2011-07-01,15.9,,,,33284.45
2011-06-30,16.51,,,,34961.19
2011-06-29,16.88,,,,21043.37
2011-06-28,16.93,,,,24398.15
2011-06-27,17.01,,,,31452.54
2011-06-26,15.59,,,,15053.93
2011-06-19,17.77,,,,30176.74
2011-06-18,16.04,,,,35536.55
2011-06-17,15.51,,,,108623.77
2011-06-16,18.86,,,,49202.14
2011-06-15,19.68,,,,27711.9
2011-06-14,19.25,,,,36155.99
2011-06-13,20.11,,,,73421.79
2011-06-12,16.21,,,,151194.16
2011-06-11,17.61,,,,121869.97
2011-06-10,24.67,,,,92208.2
2011-06-09,29.58,,,,62933.66
2011-06-08,27.25,,,,104925.16
2011-06-07,19.9,,,,53715.04
2011-06-06,18.46,,,,55092.47
2011-06-05,17.32,,,,24278.97
2011-06-04,16.41,,,,44475.34
2011-06-03,13.08,,,,72980.24
2011-06-02,10.11,,,,41047.27
2011-06-01,9.21,,,,43479.96
2011-05-31,8.88,,,,45794.43
2011-05-30,8.72,,,,17680.15
2011-05-29,8.3,,,,7487.54
2011-05-28,8.45,,,,12247.72
2011-05-27,8.67,,,,14431.84
2011-05-26,8.55,,,,28644.99
2011-05-25,7.98,,,,64049.94
2011-05-24,7.23,,,,29282.48
2011-05-23,7.1,,,,35279.88
2011-05-22,6.47,,,,23872.15
2011-05-21,5.97,,,,31111.9
2011-05-20,6.28,,,,44460.44
2011-05-19,6.96,,,,24436.41
2011-05-18,7.14,,,,25403.44
2011-05-17,7.52,,,,35345.46
2011-05-16,7.77,,,,44141.41
2011-05-15,6.74,,,,18294.87
2011-05-14,7.86,,,,55390.45
2011-05-13,7.48,,,,64003.37
2011-05-12,5.83,,,,31722.46
2011-05-11,5.35,,,,52569.15
2011-05-10,4.74,,,,56217.32
2011-05-09,3.8,,,,11520.93
2011-05-08,3.77,,,,21132.51
2011-05-07,3.61,,,,17833.29
2011-05-06,3.48,,,,23014.7
2011-05-05,3.41,,,,15350.34
2011-05-04,3.44,,,,17278.29
2011-05-03,3.32,,,,16919.18
2011-05-02,3.24,,,,18333.83
2011-05-01,3.14,,,,45772.07
2011-04-30,3.29,,,,65427.8
2011-04-29,2.59,,,,57577.32
2011-04-28,2.03,,,,100238.23
2011-04-27,1.89,,,,33055.26
2011-04-26,1.67,,,,24054.31
2011-04-25,1.58,,,,13471.6
2011-04-24,1.67,,,,21541.69
2011-04-23,1.55,,,,66620.36
2011-04-22,1.29,,,,39415.39
2011-04-21,1.18,,,,39295.69
2011-04-20,1.16,,,,21344.95
2011-04-19,1.18,,,,12556.73
2011-04-18,1.15,,,,27478.69
2011-04-17,1.08,,,,24225.7
2011-04-16,1.04,,,,28869.3
2011-04-15,1.0,,,,50304.61
2011-04-14,0.95,,,,31111.88
2011-04-13,0.93,,,,43397.56
2011-04-12,0.85,,,,48417.6
2011-04-11,0.77,,,,14645.93
2011-04-10,0.74,,,,5348.98
2011-04-09,0.74,,,,12119.4
2011-04-08,0.76,,,,18207.3
2011-04-07,0.75,,,,10832.99
2011-04-06,0.72,,,,8703.95
2011-04-05,0.67,,,,9730.3
2011-04-04,0.69,,,,31155.46
2011-04-03,0.78,,,,3931.39
2011-04-02,0.79,,,,2493.59
2011-04-01,0.78,,,,3186.77
2011-03-31,0.79,,,,6875.08
2011-03-30,0.79,,,,3218.22
2011-03-29,0.79,,,,4215.02
2011-03-28,0.81,,,,12565.15
2011-03-27,0.83,,,,5337.15
2011-03-26,0.87,,,,11756.42
2011-03-25,0.88,,,,4819.42
2011-03-24,0.88,,,,14009.37
2011-03-23,0.83,,,,13262.26
2011-03-22,0.78,,,,12147.72
2011-03-21,0.75,,,,3695.96
2011-03-20,0.77,,,,5815.32
2011-03-19,0.76,,,,9875.04
2011-03-18,0.77,,,,14226.22
2011-03-17,0.84,,,,7159.78
2011-03-16,0.85,,,,7929.62
2011-03-15,0.88,,,,2732.16
2011-03-14,0.89,,,,5269.24
2011-03-13,0.9,,,,660.31
2011-03-12,0.9,,,,4822.83
2011-03-11,0.89,,,,3725.51
2011-03-10,0.89,,,,8869.01
2011-03-09,0.85,,,,4546.05
2011-03-08,0.87,,,,4527.85
2011-03-07,0.89,,,,15271.27
2011-03-06,0.85,,,,12626.49
2011-03-05,0.88,,,,12570.59
2011-03-04,0.91,,,,2711.89
2011-03-03,0.92,,,,2746.67
2011-03-02,0.92,,,,2741.87
2011-03-01,0.95,,,,22569.78
2011-02-28,0.88,,,,4651.67
2011-02-27,0.93,,,,23268.75
2011-02-26,0.94,,,,4744.41
2011-02-25,0.96,,,,4461.06
2011-02-24,0.95,,,,13418.69
2011-02-23,0.9,,,,6718.87
2011-02-22,0.88,,,,12095.26
2011-02-21,0.84,,,,1700.12
2011-02-20,0.85,,,,9974.05
2011-02-19,0.91,,,,3798.71
2011-02-18,0.89,,,,36948.16
2011-02-17,1.04,,,,4009.84
2011-02-16,1.04,,,,7192.38
2011-02-15,1.05,,,,8616.58
2011-02-14,1.06,,,,7096.55
2011-02-13,1.05,,,,3240.64
2011-02-12,1.06,,,,4118.92
2011-02-11,0.99,,,,13299.18
2011-02-10,0.96,,,,26559.64
2011-02-09,0.96,,,,49632.5
2011-02-08,0.9,,,,7021.29
2011-02-07,0.86,,,,2264.28
2011-02-06,0.87,,,,8744.11
2011-02-05,0.86,,,,15786.81
2011-02-04,0.8,,,,42222.19
2011-02-03,0.71,,,,8524.5
2011-02-02,0.73,,,,5627.48
2011-02-01,0.74,,,,31562.12
2011-01-31,0.51,,,,63516.08
2011-01-30,0.46,,,,10383.59
2011-01-29,0.44,,,,1448.38
2011-01-28,0.43,,,,5324.5
2011-01-27,0.44,,,,27708.2
2011-01-26,0.41,,,,15564.81
2011-01-25,0.42,,,,2163.72
2011-01-24,0.41,,,,11061.94
2011-01-23,0.44,,,,1148.4
2011-01-22,0.43,,,,10534.27
2011-01-21,0.4,,,,8477.55
2011-01-20,0.35,,,,19881.98
2011-01-19,0.31,,,,7291.63
2011-01-18,0.32,,,,15671.51
2011-01-17,0.35,,,,18241.15
2011-01-16,0.39,,,,2778.71
2011-01-15,0.39,,,,1515.66
2011-01-14,0.39,,,,27130.96
2011-01-13,0.36,,,,20118.9
2011-01-12,0.34,,,,31359.77
2011-01-11,0.32,,,,4857.8
2011-01-10,0.32,,,,10355.83
2011-01-09,0.32,,,,1691.37
2011-01-08,0.31,,,,1629.44
2011-01-07,0.31,,,,42601.12
2011-01-06,0.3,,,,3456.49
2011-01-05,0.3,,,,357.16
2011-01-04,0.29,,,,1879.0
2011-01-03,0.3,,,,1425.19
2011-01-02,0.3,,,,5352.11
2011-01-01,0.3,,,,2821.24
2010-12-31,0.29,,,,1453.72
2010-12-30,0.3,,,,2539.87
2010-12-29,0.29,,,,18609.14
2010-12-28,0.27,,,,15438.71
2010-12-27,0.26,,,,4935.49
2010-12-26,0.25,,,,16584.97
2010-12-25,0.25,,,,703.0
2010-12-24,0.25,,,,5033.25
2010-12-23,0.25,,,,8650.15
2010-12-22,0.25,,,,3800.46
2010-12-21,0.25,,,,9225.79
2010-12-20,0.26,,,,10682.71
2010-12-19,0.24,,,,2000.76
2010-12-18,0.25,,,,169.11
2010-12-17,0.25,,,,525.51
2010-12-16,0.25,,,,14355.33
2010-12-15,0.24,,,,3684.68
2010-12-14,0.23,,,,10388.1
2010-12-13,0.22,,,,6415.59
2010-12-12,0.21,,,,1963.56
2010-12-11,0.22,,,,5788.69
2010-12-10,0.19,,,,1684.25
2010-12-09,0.21,,,,21336.33
2010-12-08,0.23,,,,3430.41
2010-12-07,0.22,,,,24592.92
2010-12-06,0.2,,,,4319.26
2010-12-05,0.21,,,,5740.18
2010-12-04,0.23,,,,28560.72
2010-12-03,0.25,,,,2570.34
2010-12-02,0.24,,,,20312.23
2010-12-01,0.21,,,,8157.89
2010-11-30,0.21,,,,21476.25
2010-11-29,0.25,,,,35055.4
2010-11-28,0.28,,,,20802.13
2010-11-27,0.28,,,,1825.39
2010-11-26,0.28,,,,33531.88
2010-11-25,0.28,,,,1679.6
2010-11-24,0.28,,,,2514.91
2010-11-23,0.28,,,,4856.92
2010-11-22,0.28,,,,28205.85
2010-11-21,0.28,,,,765.0
2010-11-20,0.28,,,,14652.69
2010-11-19,0.27,,,,2157.56
2010-11-18,0.27,,,,37446.67
2010-11-17,0.26,,,,32871.6
2010-11-16,0.25,,,,33931.01
2010-11-15,0.27,,,,8507.74
2010-11-14,0.28,,,,16844.33
2010-11-13,0.29,,,,21915.57
2010-11-12,0.26,,,,40720.39
2010-11-11,0.22,,,,5031.88
2010-11-10,0.2,,,,30387.03
2010-11-09,0.27,,,,47983.39
2010-11-08,0.32,,,,118203.83
2010-11-07,0.36,,,,77218.72
2010-11-06,0.29,,,,32756.13
2010-11-05,0.24,,,,36622.07
2010-11-04,0.21,,,,29698.43
2010-11-03,0.19,,,,61472.63
2010-11-02,0.19,,,,5853.39
2010-11-01,0.19,,,,21258.61
2010-10-31,0.19,,,,40337.76
2010-10-30,0.19,,,,26708.94
2010-10-29,0.19,,,,28686.85
2010-10-28,0.19,,,,21525.04
2010-10-27,0.18,,,,65605.87
2010-10-26,0.16,,,,19219.13
2010-10-25,0.15,,,,30299.64
2010-10-24,0.11,,,,13800.23
2010-10-23,0.11,,,,4423.47
2010-10-22,0.11,,,,34603.91
2010-10-21,0.1,,,,44867.0
2010-10-20,0.1,,,,31855.0
2010-10-19,0.1,,,,6235.1
2010-10-18,0.1,,,,25665.09
2010-10-17,0.1,,,,18222.19
2010-10-16,0.1,,,,6284.71
2010-10-15,0.1,,,,24643.33
2010-10-14,0.1,,,,37217.28
2010-10-13,0.1,,,,47557.27
2010-10-12,0.09,,,,25660.75
2010-10-11,0.1,,,,14092.91
2010-10-10,0.1,,,,50684.19
2010-10-09,0.09,,,,187846.95
2010-10-08,0.08,,,,139287.29
2010-10-07,0.06,,,,43692.98
2010-10-06,0.06,,,,33433.3
2010-10-05,0.06,,,,27526.61
2010-10-04,0.06,,,,33995.37
2010-10-03,0.06,,,,7172.63
2010-10-02,0.06,,,,13059.74
2010-10-01,0.06,,,,1717.45
2010-09-30,0.06,,,,7917.03
2010-09-29,0.06,,,,23475.64
2010-09-28,0.06,,,,7086.15
2010-09-27,0.06,,,,10752.25
2010-09-26,0.06,,,,12058.13
2010-09-25,0.06,,,,2152.5
2010-09-24,0.06,,,,684.38
2010-09-23,0.06,,,,15505.33
2010-09-22,0.06,,,,11560.4
2010-09-21,0.06,,,,5735.95
2010-09-20,0.06,,,,14307.94
2010-09-19,0.06,,,,12852.17
2010-09-18,0.06,,,,7092.61
2010-09-17,0.06,,,,7262.0
2010-09-16,0.06,,,,730.0
2010-09-15,0.06,,,,3651.85
2010-09-14,0.06,,,,14014.81
2010-09-13,0.06,,,,10076.34
2010-09-12,0.06,,,,793.88
2010-09-11,0.06,,,,7749.14
2010-09-10,0.06,,,,4939.79
2010-09-09,0.06,,,,1733.5
2010-09-08,0.06,,,,2345.41
2010-09-07,0.06,,,,3457.19
2010-09-06,0.06,,,,910.0
2010-09-05,0.06,,,,8459.24
2010-09-04,0.06,,,,3301.0
2010-09-03,0.06,,,,892.0
2010-09-02,0.06,,,,8150.73
2010-09-01,0.06,,,,7164.72
2010-08-31,0.06,,,,14886.91
2010-08-30,0.06,,,,34193.14
2010-08-29,0.06,,,,3173.4
2010-08-28,0.06,,,,6174.01
2010-08-27,0.06,,,,9009.97
2010-08-26,0.07,,,,3870.01
2010-08-25,0.07,,,,4228.88
2010-08-24,0.07,,,,6711.76
2010-08-23,0.07,,,,4297.49
2010-08-22,0.06,,,,18648.97
2010-08-21,0.07,,,,10443.86
2010-08-20,0.07,,,,4199.75
2010-08-19,0.07,,,,741.12
2010-08-18,0.07,,,,2953.98
2010-08-17,0.07,,,,13185.74
2010-08-16,0.06,,,,10731.47
2010-08-15,0.07,,,,4462.87
2010-08-14,0.07,,,,4404.2
2010-08-13,0.07,,,,3591.77
2010-08-12,0.07,,,,2062.31
2010-08-11,0.07,,,,14061.18
2010-08-10,0.07,,,,1310.39
2010-08-09,0.07,,,,13631.09
2010-08-08,0.06,,,,2201.0
2010-08-07,0.06,,,,2619.0
2010-08-06,0.06,,,,1395.0
2010-08-05,0.06,,,,5034.07
2010-08-04,0.06,,,,3494.0
2010-08-03,0.06,,,,9821.46
2010-08-02,0.06,,,,3599.0
2010-08-01,0.06,,,,2601.0
2010-07-31,0.06,,,,4022.25
2010-07-30,0.07,,,,3020.85
2010-07-29,0.07,,,,8058.49
2010-07-28,0.06,,,,4390.29
2010-07-27,0.06,,,,3373.69
2010-07-26,0.05,,,,877.0
2010-07-25,0.05,,,,1551.48
2010-07-24,0.05,,,,496.32
2010-07-23,0.06,,,,2402.5
2010-07-22,0.06,,,,2160.0
2010-07-21,0.07,,,,575.0
2010-07-20,0.08,,,,262.0
2010-07-19,0.09,,,,574.0
2010-07-18,0.07,,,,75.01
2010-07-17,0.05,,,,20.0
