Date,Value
2016-03-06,41.1407975
2016-03-05,63.03314682
2016-03-04,52.60628503
2016-03-03,72.72445709
2016-03-02,77.34600309
2016-03-01,55.99857717
2016-02-29,53.45252038
2016-02-28,42.61977032
2016-02-27,38.20952225
2016-02-26,43.1486082
2016-02-25,47.68274149
2016-02-24,44.91575935
2016-02-23,48.21733873
2016-02-22,43.53246983
2016-02-21,40.65663231
2016-02-20,43.09210135
2016-02-19,46.31819386
2016-02-18,42.68131047
2016-02-17,44.75593799
2016-02-16,41.80226206
2016-02-15,40.18686148
2016-02-14,34.63112968
2016-02-13,36.80013215
2016-02-12,39.88170509
2016-02-11,44.34470738
2016-02-10,44.48599145
2016-02-09,42.466277
2016-02-08,40.9030054
2016-02-07,38.64301185
2016-02-06,42.22773725
2016-02-05,41.04809873
2016-02-04,41.25773034
2016-02-03,48.81393346
2016-02-02,57.71349212
2016-02-01,51.0283515
2016-01-31,31.51669344
2016-01-30,43.85418346
2016-01-29,45.3790109
2016-01-28,50.08400338
2016-01-27,47.63990486
2016-01-26,47.44277836
2016-01-25,44.57485172
2016-01-24,37.10747183
2016-01-23,41.96522497
2016-01-22,50.43939975
2016-01-21,44.97159781
2016-01-20,46.36233719
2016-01-19,40.1235823
2016-01-18,38.60077135
2016-01-17,34.12662086
2016-01-16,35.06789583
2016-01-15,35.56461585
2016-01-14,32.4379618
2016-01-13,34.14797822
2016-01-12,34.68518114
2016-01-11,33.93862178
2016-01-10,28.84040484
2016-01-09,29.65980991
2016-01-08,35.79529128
2016-01-07,34.09833151
2016-01-06,30.18982189
2016-01-05,33.25645748
2016-01-04,29.04309207
2016-01-03,23.84912157
2016-01-02,29.83594196
2016-01-01,19.7356877
2015-12-31,27.14353204
2015-12-30,31.69411709
2015-12-29,32.07409932
2015-12-28,30.14051256
2015-12-27,26.99051992
2015-12-26,28.83614603
2015-12-25,30.46228338
2015-12-24,40.27402729
2015-12-23,39.9396651
2015-12-22,38.26775215
2015-12-21,40.54469579
2015-12-20,32.57857501
2015-12-19,35.93690521
2015-12-18,37.92492881
2015-12-17,37.22822923
2015-12-16,39.1447328
2015-12-15,39.39891977
2015-12-14,39.48664553
2015-12-13,33.00810311
2015-12-12,41.97835617
2015-12-11,39.63005169
2015-12-10,35.30416521
2015-12-09,37.33796324
2015-12-08,32.11371119
2015-12-07,32.2348716
2015-12-06,30.07728753
2015-12-05,32.71329254
2015-12-04,27.03445429
2015-12-03,31.18138861
2015-12-02,31.42432556
2015-12-01,32.66538323
2015-11-30,32.24050832
2015-11-29,21.63065329
2015-11-28,28.0049699
2015-11-27,25.41874713
2015-11-26,29.18544934
2015-11-25,25.58035035
2015-11-24,24.94506527
2015-11-23,25.51151834
2015-11-22,22.28715044
2015-11-21,25.20808542
2015-11-20,25.68798169
2015-11-19,25.51230756
2015-11-18,28.65607622
2015-11-17,26.60929107
2015-11-16,25.8693141
2015-11-15,22.58995092
2015-11-14,25.03323565
2015-11-13,26.23777854
2015-11-12,25.54702522
2015-11-11,30.2843787
2015-11-10,27.36790426
2015-11-09,28.22602453
2015-11-08,24.18116382
2015-11-07,27.24627205
2015-11-06,32.5182418
2015-11-05,35.65030072
2015-11-04,46.51890714
2015-11-03,32.90854536
2015-11-02,30.92341672
2015-11-01,27.61874593
2015-10-31,28.36131688
2015-10-30,33.21211626
2015-10-29,33.48909435
2015-10-28,28.96944937
2015-10-27,30.03937533
2015-10-26,25.28704706
2015-10-25,24.19684513
2015-10-24,28.61850485
2015-10-23,28.1587973
2015-10-22,29.269015
2015-10-21,30.92973723
2015-10-20,29.84547675
2015-10-19,26.90024528
2015-10-18,23.11188843
2015-10-17,28.3979313
2015-10-16,27.25756736
2015-10-15,29.32881596
2015-10-14,26.01374838
2015-10-13,25.32149388
2015-10-12,23.74975114
2015-10-11,19.80117665
2015-10-10,25.49534435
2015-10-09,23.5205094
2015-10-08,26.40812974
2015-10-07,26.85313864
2015-10-06,23.79329659
2015-10-05,22.34545918
2015-10-04,18.81504764
2015-10-03,24.86350758
2015-10-02,24.63261278
2015-10-01,29.54151507
2015-09-30,28.15450861
2015-09-29,25.94376393
2015-09-28,25.99373327
2015-09-27,20.98693709
2015-09-26,25.68909341
2015-09-25,27.12553705
2015-09-24,24.26546849
2015-09-23,27.90074242
2015-09-22,26.72725503
2015-09-21,26.79271324
2015-09-20,20.50270252
2015-09-19,22.72770657
2015-09-18,26.57437234
2015-09-17,26.22637494
2015-09-16,27.13904934
2015-09-15,29.74177227
2015-09-14,30.21206978
2015-09-13,25.41672183
2015-09-12,37.79488817
2015-09-11,28.99472893
2015-09-10,28.71675844
2015-09-09,26.40670885
2015-09-08,28.37170322
2015-09-07,25.98789351
2015-09-06,21.92532491
2015-09-05,32.06849601
2015-09-04,21.94174192
2015-09-03,36.44597513
2015-09-02,44.13311414
2015-09-01,28.84121772
2015-08-31,25.0420155
2015-08-30,17.61443105
2015-08-29,23.00206438
2015-08-28,24.08727019
2015-08-27,23.57561436
2015-08-26,25.67958618
2015-08-25,25.66812814
2015-08-24,24.8013553
2015-08-23,20.4380634
2015-08-22,22.96914083
2015-08-21,23.63760391
2015-08-20,25.1348193
2015-08-19,24.77607127
2015-08-18,25.78007236
2015-08-17,22.53259396
2015-08-16,18.29530243
2015-08-15,22.59740485
2015-08-14,23.62123658
2015-08-13,25.29193539
2015-08-12,25.19329055
2015-08-11,26.65997778
2015-08-10,26.67403896
2015-08-09,18.45162508
2015-08-08,23.04214901
2015-08-07,29.64618859
2015-08-06,35.89801803
2015-08-05,34.44055291
2015-08-04,34.06960048
2015-08-03,24.44201702
2015-08-02,23.21137984
2015-08-01,35.53322565
2015-07-31,36.24450554
2015-07-30,34.2211923
2015-07-29,37.6968152
2015-07-28,27.07995409
2015-07-27,31.04624618
2015-07-26,19.31582931
2015-07-25,21.29176583
2015-07-24,23.81935542
2015-07-23,26.29277354
2015-07-22,29.63588801
2015-07-21,28.07981875
2015-07-20,34.33022074
2015-07-19,18.96201852
2015-07-18,44.79302014
2015-07-17,24.85055473
2015-07-16,27.19002001
2015-07-15,28.01849933
2015-07-14,28.01547123
2015-07-13,34.05650153
2015-07-12,45.57106997
2015-07-11,36.93888783
2015-07-10,38.9927783
2015-07-09,42.4508178
2015-07-08,50.05174109
2015-07-07,44.63938234
2015-07-06,29.305557
2015-07-05,18.13805799
2015-07-04,19.74261492
2015-07-03,25.17856317
2015-07-02,21.94824463
2015-07-01,23.45051495
2015-06-30,27.42901276
2015-06-29,17.63474995
2015-06-28,15.34595899
2015-06-27,17.01717922
2015-06-26,18.07278654
2015-06-25,16.65594974
2015-06-24,16.74555521
2015-06-23,22.92876742
2015-06-22,23.22920549
2015-06-21,13.16567765
2015-06-20,22.55311938
2015-06-19,29.0238427
2015-06-18,19.74416605
2015-06-17,24.94126752
2015-06-16,19.75196704
2015-06-15,18.51876216
2015-06-14,15.99530424
2015-06-13,17.53784362
2015-06-12,18.13113121
2015-06-11,18.23746303
2015-06-10,20.21619753
2015-06-09,16.68496332
2015-06-08,15.28474251
2015-06-07,13.64505466
2015-06-06,15.2555162
2015-06-05,16.17225384
2015-06-04,17.47387221
2015-06-03,17.86202728
2015-06-02,19.09865642
2015-06-01,45.24728362
2015-05-31,13.638817
2015-05-30,18.13414229
2015-05-29,17.52633345
2015-05-28,16.12750693
2015-05-27,16.09865543
2015-05-26,17.74572734
2015-05-25,15.48928101
2015-05-24,12.74716388
2015-05-23,13.47221894
2015-05-22,15.32116469
2015-05-21,14.46308563
2015-05-20,15.67924364
2015-05-19,15.46219384
2015-05-18,14.85179661
2015-05-17,12.33378944
2015-05-16,13.79618089
2015-05-15,15.0815495
2015-05-14,14.19848984
2015-05-13,15.40723591
2015-05-12,16.75259925
2015-05-11,16.18034809
2015-05-10,15.2176298
2015-05-09,14.78591409
2015-05-08,15.86988861
2015-05-07,16.35823476
2015-05-06,16.01690293
2015-05-05,16.03734494
2015-05-04,13.94423733
2015-05-03,12.37823502
2015-05-02,14.07475563
2015-05-01,15.30178105
2015-04-30,16.08932183
2015-04-29,17.28262292
2015-04-28,15.80028461
2015-04-27,15.1962056
2015-04-26,13.29723822
2015-04-25,99.96396999
2015-04-24,16.22929386
2015-04-23,14.77482324
2015-04-22,16.12435635
2015-04-21,16.81026573
2015-04-20,15.96574801
2015-04-19,12.06487514
2015-04-18,13.91339511
2015-04-17,14.2760589
2015-04-16,15.02016737
2015-04-15,15.07987703
2015-04-14,16.94687098
2015-04-13,15.91337178
2015-04-12,14.35766331
2015-04-11,17.10524583
2015-04-10,29.80724162
2015-04-09,16.98327802
2015-04-08,15.47753386
2015-04-07,16.185038
2015-04-06,15.31261593
2015-04-05,14.3073758
2015-04-04,15.06052225
2015-04-03,14.6205005
2015-04-02,16.0150584
2015-04-01,18.11563857
2015-03-31,14.73616593
2015-03-30,14.80696195
2015-03-29,12.19379189
2015-03-28,12.89657663
2015-03-27,15.37769189
2015-03-26,14.07414031
2015-03-25,15.31775967
2015-03-24,14.32893236
2015-03-23,17.375943
2015-03-22,12.03965358
2015-03-21,14.67230432
2015-03-20,16.10498382
2015-03-19,16.03415694
2015-03-18,15.20202714
2015-03-17,14.75421706
2015-03-16,14.04389459
2015-03-15,11.85474118
2015-03-14,12.3819142
2015-03-13,13.87866807
2015-03-12,14.35821792
2015-03-11,15.46580835
2015-03-10,16.8128673
2015-03-09,14.01348729
2015-03-08,13.14254063
2015-03-07,13.57345998
2015-03-06,17.21188567
2015-03-05,14.20542004
2015-03-04,15.09375814
2015-03-03,15.32856227
2015-03-02,16.08425123
2015-03-01,12.66952726
2015-02-28,13.71948104
2015-02-27,14.17573583
2015-02-26,14.42623973
2015-02-25,15.13904695
2015-02-24,14.56045942
2015-02-23,13.83752097
2015-02-22,12.44675566
2015-02-21,14.40873654
2015-02-20,13.92458106
2015-02-19,13.71575584
2015-02-18,15.30417671
2015-02-17,15.13607471
2015-02-16,15.54431223
2015-02-15,13.43496996
2015-02-14,16.67820257
2015-02-13,15.93974552
2015-02-12,13.49018655
2015-02-11,14.66267797
2015-02-10,14.18461123
2015-02-09,13.78402009
2015-02-08,11.45311434
2015-02-07,12.10137628
2015-02-06,11.45022497
2015-02-05,12.51951528
2015-02-04,12.3462302
2015-02-03,13.44597638
2015-02-02,12.12436146
2015-02-01,11.00546903
2015-01-31,12.15581794
2015-01-30,11.96990901
2015-01-29,11.80085579
2015-01-28,12.2880246
2015-01-27,13.84178061
2015-01-26,16.3312645
2015-01-25,12.2871243
2015-01-24,12.18056487
2015-01-23,13.16868437
2015-01-22,13.45202348
2015-01-21,13.96816034
2015-01-20,14.41535966
2015-01-19,15.80453034
2015-01-18,12.75025624
2015-01-17,12.64597155
2015-01-16,15.88562435
2015-01-15,16.54900624
2015-01-14,15.87551555
2015-01-13,14.44909631
2015-01-12,32.63994364
2015-01-11,14.29837347
2015-01-10,15.44061914
2015-01-09,16.14480781
2015-01-08,14.45388694
2015-01-07,13.40521434
2015-01-06,12.85666757
2015-01-05,16.96708357
2015-01-04,20.28810703
2015-01-03,11.90608788
2015-01-02,10.72769484
2015-01-01,8.00307587
2014-12-31,12.44896755
2014-12-30,13.95085145
2014-12-29,14.06563348
2014-12-28,12.04266588
2014-12-27,19.41831457
2014-12-26,16.42976058
2014-12-25,9.64807936
2014-12-24,12.39728577
2014-12-23,14.11126208
2014-12-22,13.1266531
2014-12-21,11.33814908
2014-12-20,12.89936506
2014-12-19,14.30375502
2014-12-18,15.70384421
2014-12-17,13.840813
2014-12-16,14.58563393
2014-12-15,14.79932134
2014-12-14,10.70376498
2014-12-13,10.95838328
2014-12-12,11.48717516
2014-12-11,12.19265382
2014-12-10,12.66263071
2014-12-09,14.93934077
2014-12-08,12.62220787
2014-12-07,10.89598656
2014-12-06,11.67542429
2014-12-05,13.71698344
2014-12-04,14.05123147
2014-12-03,13.58502718
2014-12-02,14.21393491
2014-12-01,14.00206215
2014-11-30,11.696469
2014-11-29,11.54299905
2014-11-28,11.65678584
2014-11-27,11.78619228
2014-11-26,13.02889699
2014-11-25,12.20971239
2014-11-24,12.49930625
2014-11-23,11.46468237
2014-11-22,11.58254175
2014-11-21,13.09970976
2014-11-20,12.9020255
2014-11-19,13.42190503
2014-11-18,13.12671076
2014-11-17,14.59071691
2014-11-16,11.2481313
2014-11-15,11.49113334
2014-11-14,13.66636534
2014-11-13,15.77819904
2014-11-12,13.57996146
2014-11-11,13.37547938
2014-11-10,12.86996556
2014-11-09,15.08499306
2014-11-08,11.42289968
2014-11-07,14.19042877
2014-11-06,13.61566812
2014-11-05,13.4448337
2014-11-04,16.9453104
2014-11-03,12.83380219
2014-11-02,12.40614973
2014-11-01,13.16989149
2014-10-31,13.21155884
2014-10-30,14.37016784
2014-10-29,13.55763444
2014-10-28,13.72107912
2014-10-27,12.80693278
2014-10-26,10.7606396
2014-10-25,11.56370092
2014-10-24,13.03797728
2014-10-23,12.58522357
2014-10-22,12.4960203
2014-10-21,12.99216076
2014-10-20,12.24408182
2014-10-19,10.3090553
2014-10-18,11.15788265
2014-10-17,11.63600658
2014-10-16,12.18979168
2014-10-15,12.64154509
2014-10-14,13.09047261
2014-10-13,12.83998343
2014-10-12,11.06974068
2014-10-11,10.51275487
2014-10-10,13.41027929
2014-10-09,13.35198908
2014-10-08,13.07728331
2014-10-07,13.26892581
2014-10-06,12.29635546
2014-10-05,11.43225211
2014-10-04,13.09999729
2014-10-03,11.69504803
2014-10-02,11.80636226
2014-10-01,12.63437263
2014-09-30,12.33293377
2014-09-29,11.45663317
2014-09-28,11.08075213
2014-09-27,11.34818893
2014-09-26,47.43930673
2014-09-25,13.07804471
2014-09-24,13.42090123
2014-09-23,11.60787131
2014-09-22,10.88655821
2014-09-21,9.80993611
2014-09-20,9.96929167
2014-09-19,11.14791622
2014-09-18,12.45941455
2014-09-17,12.27569456
2014-09-16,14.7337395
2014-09-15,11.9467162
2014-09-14,10.41613288
2014-09-13,9.87754729
2014-09-12,10.4459308
2014-09-11,10.27418557
2014-09-10,14.66467827
2014-09-09,13.00607767
2014-09-08,11.323667
2014-09-07,19.46564618
2014-09-06,10.4899443
2014-09-05,10.7140055
2014-09-04,11.15620263
2014-09-03,11.28382249
2014-09-02,11.41237447
2014-09-01,10.30536727
2014-08-31,9.02275826
2014-08-30,9.7465966
2014-08-29,10.22007288
2014-08-28,10.66182195
2014-08-27,11.61214904
2014-08-26,13.09978465
2014-08-25,14.33068278
2014-08-24,8.65681711
2014-08-23,9.21595098
2014-08-22,10.85000669
2014-08-21,11.94405134
2014-08-20,12.02058864
2014-08-19,12.87741605
2014-08-18,10.68090312
2014-08-17,37.29813075
2014-08-16,14.69897958
2014-08-15,10.97370877
2014-08-14,12.6295534
2014-08-13,12.599707
2014-08-12,12.42984721
2014-08-11,11.68497448
2014-08-10,9.6259823
2014-08-09,9.89679335
2014-08-08,11.08588192
2014-08-07,11.21723833
2014-08-06,12.93168516
2014-08-05,12.15106865
2014-08-04,10.10701582
2014-08-03,8.36702521
2014-08-02,9.36154144
2014-08-01,10.87967636
2014-07-31,11.02486059
2014-07-30,10.85994311
2014-07-29,10.6532582
2014-07-28,9.70412523
2014-07-27,8.77568128
2014-07-26,9.50827747
2014-07-25,10.19839577
2014-07-24,10.633025
2014-07-23,11.23511096
2014-07-22,11.8573934
2014-07-21,10.02036474
2014-07-20,9.50599823
2014-07-19,10.4567612
2014-07-18,11.60568116
2014-07-17,12.74168175
2014-07-16,12.33196333
2014-07-15,11.87785856
2014-07-14,11.35018792
2014-07-13,9.32359299
2014-07-12,9.01518862
2014-07-11,11.12342321
2014-07-10,11.22613459
2014-07-09,11.9361757
2014-07-08,12.21686237
2014-07-07,10.44603741
2014-07-06,9.24924683
2014-07-05,8.26076745
2014-07-04,10.58824881
2014-07-03,11.08189519
2014-07-02,13.73343865
2014-07-01,12.36328988
2014-06-30,10.90944259
2014-06-29,8.84416498
2014-06-28,9.87835113
2014-06-27,10.29537954
2014-06-26,11.37751104
2014-06-25,11.5556694
2014-06-24,11.64240605
2014-06-23,9.92050289
2014-06-22,9.42521379
2014-06-21,9.11976494
2014-06-20,11.25311797
2014-06-19,12.63691856
2014-06-18,12.23255724
2014-06-17,11.98842568
2014-06-16,11.12862904
2014-06-15,9.33855066
2014-06-14,9.95194649
2014-06-13,12.22428882
2014-06-12,12.15329591
2014-06-11,10.95603824
2014-06-10,12.193239
2014-06-09,10.27619998
2014-06-08,8.70951916
2014-06-07,9.12080675
2014-06-06,11.31817452
2014-06-05,12.24567
2014-06-04,12.26613461
2014-06-03,13.71930957
2014-06-02,10.91517676
2014-06-01,10.68373708
2014-05-31,9.93876923
2014-05-30,12.06522539
2014-05-29,12.39205713
2014-05-28,13.24677566
2014-05-27,12.33282353
2014-05-26,11.91589205
2014-05-25,9.57210433
2014-05-24,12.10475911
2014-05-23,12.99220611
2014-05-22,12.71659841
2014-05-21,13.27575617
2014-05-20,12.69875738
2014-05-19,10.7224626
2014-05-18,8.92569908
2014-05-17,9.7917159
2014-05-16,12.02164864
2014-05-15,12.75536468
2014-05-14,12.04391208
2014-05-13,13.05030601
2014-05-12,12.74240695
2014-05-11,9.32474235
2014-05-10,10.8683326
2014-05-09,15.8661507
2014-05-08,13.58134445
2014-05-07,13.38035393
2014-05-06,15.21115475
2014-05-05,12.36926791
2014-05-04,9.99820449
2014-05-03,11.0080935
2014-05-02,11.50948836
2014-05-01,12.01720682
2014-04-30,12.53470401
2014-04-29,12.17060621
2014-04-28,12.34031962
2014-04-27,11.27509025
2014-04-26,10.52495082
2014-04-25,14.40370555
2014-04-24,14.18530262
2014-04-23,14.28109385
2014-04-22,15.41285036
2014-04-21,11.60986595
2014-04-20,10.78653306
2014-04-19,13.3065243
2014-04-18,12.11666488
2014-04-17,15.27722248
2014-04-16,15.0145845
2014-04-15,16.40310745
2014-04-14,14.39419263
2014-04-13,9.30580111
2014-04-12,9.91757697
2014-04-11,14.57004853
2014-04-10,21.30299867
2014-04-09,13.2776719
2014-04-08,15.09697226
2014-04-07,13.90620728
2014-04-06,9.16831339
2014-04-05,12.15739669
2014-04-04,13.60614942
2014-04-03,13.42152449
2014-04-02,13.09056906
2014-04-01,12.54864889
2014-03-31,11.95022358
2014-03-30,10.75046791
2014-03-29,9.91116708
2014-03-28,12.76760033
2014-03-27,13.74833968
2014-03-26,15.58162914
2014-03-25,14.41318613
2014-03-24,12.36959646
2014-03-23,14.39001698
2014-03-22,14.60447433
2014-03-21,15.05458024
2014-03-20,13.68047528
2014-03-19,12.4119528
2014-03-18,10.60617286
2014-03-17,14.51477994
2014-03-16,10.38601922
2014-03-15,11.78133769
2014-03-14,14.00794115
2014-03-13,14.85979519
2014-03-12,17.27911595
2014-03-11,15.4523833
2014-03-10,14.43470377
2014-03-09,12.0606882
2014-03-08,12.98291657
2014-03-07,13.19699401
2014-03-06,14.8778672
2014-03-05,14.70329167
2014-03-04,18.22862564
2014-03-03,14.75881128
2014-03-02,11.10023303
2014-03-01,14.89760883
2014-02-28,15.28626504
2014-02-27,13.92144316
2014-02-26,14.8421543
2014-02-25,18.46032012
2014-02-24,13.98013914
2014-02-23,11.78154841
2014-02-22,12.56877924
2014-02-21,14.69796906
2014-02-20,14.92340459
2014-02-19,13.63818549
2014-02-18,24.33053354
2014-02-17,12.38282042
2014-02-16,11.12655289
2014-02-15,13.74692375
2014-02-14,17.1625273
2014-02-13,14.00026739
2014-02-12,15.9470347
2014-02-11,11.97222271
2014-02-10,13.307136
2014-02-09,11.06004141
2014-02-08,12.34375821
2014-02-07,15.60584661
2014-02-06,14.96859202
2014-02-05,13.8823951
2014-02-04,13.62165633
2014-02-03,12.40954994
2014-02-02,9.97459141
2014-02-01,12.87806484
2014-01-31,14.04752687
2014-01-30,13.37773716
2014-01-29,13.74047422
2014-01-28,13.82708352
2014-01-27,12.91506741
2014-01-26,11.32315585
2014-01-25,12.38973921
2014-01-24,16.99280777
2014-01-23,16.03678895
2014-01-22,13.93433582
2014-01-21,16.50972485
2014-01-20,13.5138866
2014-01-19,12.06898253
2014-01-18,12.86943728
2014-01-17,14.93833901
2014-01-16,13.32827534
2014-01-15,19.48537647
2014-01-14,12.63627999
2014-01-13,12.27931661
2014-01-12,11.56181557
2014-01-11,12.47216717
2014-01-10,12.83831463
2014-01-09,12.95045939
2014-01-08,14.28866784
2014-01-07,15.37383323
2014-01-06,29.71047036
2014-01-05,13.24221702
2014-01-04,12.68023544
2014-01-03,14.56454873
2014-01-02,12.12566192
2014-01-01,9.18372917
2013-12-31,11.43245003
2013-12-30,14.91471734
2013-12-29,11.46103748
2013-12-28,11.80259669
2013-12-27,13.52135419
2013-12-26,11.77737607
2013-12-25,12.45799785
2013-12-24,12.64534115
2013-12-23,11.43633559
2013-12-22,11.14297494
2013-12-21,14.69955031
2013-12-20,16.24572703
2013-12-19,15.81127156
2013-12-18,18.50617393
2013-12-17,16.22399978
2013-12-16,14.01108799
2013-12-15,11.2711577
2013-12-14,13.21918752
2013-12-13,14.94454362
2013-12-12,14.89978988
2013-12-11,17.69299634
2013-12-10,19.97697104
2013-12-09,12.81918828
2013-12-08,32.37259238
2013-12-07,20.50910369
2013-12-06,18.58752694
2013-12-05,21.98836499
2013-12-04,21.13728202
2013-12-03,21.85614673
2013-12-02,19.64441022
2013-12-01,17.71816338
2013-11-30,22.01670436
2013-11-29,25.92092417
2013-11-28,32.98440093
2013-11-27,28.13438242
2013-11-26,24.05961565
2013-11-25,19.27979672
2013-11-24,17.57820997
2013-11-23,21.86122464
2013-11-22,23.61058302
2013-11-21,26.57492613
2013-11-20,25.18151883
2013-11-19,32.54373365
2013-11-18,25.27467522
2013-11-17,15.1031091
2013-11-16,15.43971301
2013-11-15,18.56994291
2013-11-14,23.93546077
2013-11-13,24.28778395
2013-11-12,20.0940219
2013-11-11,62.00580352
2013-11-10,52.48680278
2013-11-09,86.29385375
2013-11-08,108.19320547
2013-11-07,117.81098834
2013-11-06,118.37378115
2013-11-05,47.14006645
2013-11-04,67.37958812
2013-11-03,24.97396102
2013-11-02,23.87084674
2013-11-01,35.40296681
2013-10-31,30.03529546
2013-10-30,38.08800627
2013-10-29,26.14906747
2013-10-28,43.74981757
2013-10-27,44.03445576
2013-10-26,53.66366945
2013-10-25,46.75449972
2013-10-24,49.26787775
2013-10-23,36.67520171
2013-10-22,41.67292026
2013-10-21,36.82997401
2013-10-20,27.8955071
2013-10-19,35.8234771
2013-10-18,45.53965756
2013-10-17,39.50246713
2013-10-16,36.84323895
2013-10-15,46.86833704
2013-10-14,24.76312632
2013-10-13,31.15736732
2013-10-12,32.21519984
2013-10-11,28.46158064
2013-10-10,29.73024401
2013-10-09,25.13904198
2013-10-08,16.18054086
2013-10-07,32.99949234
2013-10-06,21.98375278
2013-10-05,26.70745176
2013-10-04,33.53991469
2013-10-03,40.37392697
2013-10-02,35.39513493
2013-10-01,36.02532288
2013-09-30,26.00052268
2013-09-29,19.75447388
2013-09-28,27.84186309
2013-09-27,82.75466408
2013-09-26,28.01795022
2013-09-25,30.8215087
2013-09-24,31.74116641
2013-09-23,36.37139814
2013-09-22,27.4817632
2013-09-21,26.17798718
2013-09-20,35.98775791
2013-09-19,111.427816
2013-09-18,303.03844849
2013-09-17,90.93785999
2013-09-16,29.82849822
2013-09-15,24.16845305
2013-09-14,21.9094985
2013-09-13,26.42562521
2013-09-12,24.96850657
2013-09-11,23.61451906
2013-09-10,28.07548626
2013-09-09,30.43641891
2013-09-08,22.51021597
2013-09-07,27.40258306
2013-09-06,33.00862693
2013-09-05,34.00943099
2013-09-04,24.59734787
2013-09-03,30.91428847
2013-09-02,46.83183395
2013-09-01,25.28747187
2013-08-31,32.35235089
2013-08-30,43.30645342
2013-08-29,44.63568124
2013-08-28,243.52033894
2013-08-27,51.94695338
2013-08-26,27.45229801
2013-08-25,30.74091178
2013-08-24,28.06437009
2013-08-23,35.02624015
2013-08-22,37.04061907
2013-08-21,34.14204628
2013-08-20,45.78527809
2013-08-19,37.81465044
2013-08-18,44.92668611
2013-08-17,29.42751688
2013-08-16,45.60521477
2013-08-15,64.02507935
2013-08-14,43.02378882
2013-08-13,29.55608972
2013-08-12,24.14323112
2013-08-11,33.93550069
2013-08-10,29.35579481
2013-08-09,45.849913
2013-08-08,49.6207779
2013-08-07,30.18051369
2013-08-06,40.53861293
2013-08-05,27.05473128
2013-08-04,32.74170112
2013-08-03,28.01755065
2013-08-02,41.01530553
2013-08-01,31.49185887
2013-07-31,45.52101435
2013-07-30,37.36421201
2013-07-29,30.87144133
2013-07-28,19.93133624
2013-07-27,30.69502419
2013-07-26,22.80421394
2013-07-25,34.86795346
2013-07-24,32.92301081
2013-07-23,31.91271509
2013-07-22,21.9931243
2013-07-21,26.49400011
2013-07-20,21.48857703
2013-07-19,33.02637011
2013-07-18,27.59409047
2013-07-17,33.40695216
2013-07-16,34.01475967
2013-07-15,23.34949228
2013-07-14,31.82965821
2013-07-13,25.13594621
2013-07-12,32.05021445
2013-07-11,33.81696437
2013-07-10,26.25884419
2013-07-09,35.161138
2013-07-08,31.43815723
2013-07-07,17.31315056
2013-07-06,31.75035904
2013-07-05,33.41026781
2013-07-04,21.101607
2013-07-03,29.49682754
2013-07-02,37.0769864
2013-07-01,31.95531521
2013-06-30,19.88041027
2013-06-29,25.79585074
2013-06-28,47.29444705
2013-06-27,33.13590698
2013-06-26,38.21914872
2013-06-25,36.22112769
2013-06-24,37.82404209
2013-06-23,40.63780671
2013-06-22,45.58428107
2013-06-21,55.51629176
2013-06-20,62.60148592
2013-06-19,36.13715542
2013-06-18,36.99237474
2013-06-17,35.05299427
2013-06-16,29.0746919
2013-06-15,37.25196643
2013-06-14,38.16991619
2013-06-13,38.93851606
2013-06-12,43.47723521
2013-06-11,47.23966648
2013-06-10,34.19488951
2013-06-09,36.50155661
2013-06-08,45.68561726
2013-06-07,40.4846895
2013-06-06,43.37307063
2013-06-05,60.62469501
2013-06-04,64.89014237
2013-06-03,49.50440017
2013-06-02,44.65643906
2013-06-01,39.3619438
2013-05-31,48.95769767
2013-05-30,46.71194711
2013-05-29,51.94317506
2013-05-28,54.56592486
2013-05-27,47.80327835
2013-05-26,30.67004412
2013-05-25,55.98522589
2013-05-24,41.98819177
2013-05-23,53.41115964
2013-05-22,55.07809707
2013-05-21,42.99289632
2013-05-20,49.07464086
2013-05-19,42.20084266
2013-05-18,39.44980994
2013-05-17,88.4985171
2013-05-16,57.87351884
2013-05-15,49.64959569
2013-05-14,54.66430818
2013-05-13,60.08625448
2013-05-12,59.03344042
2013-05-11,63.69813949
2013-05-10,60.18777245
2013-05-09,68.44017033
2013-05-08,49.35342081
2013-05-07,45.04501941
2013-05-06,50.99940307
2013-05-05,38.14591919
2013-05-04,42.74796187
2013-05-03,49.20782248
2013-05-02,55.0843293
2013-05-01,35.90344815
2013-04-30,54.59361391
2013-04-29,35.83009291
2013-04-28,32.57042361
2013-04-27,42.57794746
2013-04-26,50.84713758
2013-04-25,50.77780195
2013-04-24,79.62969215
2013-04-23,42.08181801
2013-04-22,45.88692146
2013-04-21,33.70386177
2013-04-20,47.63908441
2013-04-19,52.32051628
2013-04-18,75.99131193
2013-04-17,54.86451829
2013-04-16,47.7076591
2013-04-15,76.63350621
2013-04-14,50.74181733
2013-04-13,44.43812922
2013-04-12,55.21363942
2013-04-11,62.23017998
2013-04-10,69.92445334
2013-04-09,43.21464562
2013-04-08,48.65175566
2013-04-07,50.70171294
2013-04-06,42.12188594
2013-04-05,52.66033205
2013-04-04,79.62487035
2013-04-03,72.7152671
2013-04-02,57.61575904
2013-04-01,53.03664377
2013-03-31,54.29219339
2013-03-30,45.94568999
2013-03-29,76.29513174
2013-03-28,45.41463054
2013-03-27,58.81127579
2013-03-26,43.96831871
2013-03-25,47.36378797
2013-03-24,38.61417031
2013-03-23,62.01260975
2013-03-22,64.6326007
2013-03-21,46.79446898
2013-03-20,34.14708481
2013-03-19,53.53768945
2013-03-18,36.37341092
2013-03-17,31.01708237
2013-03-16,37.94693049
2013-03-15,62.68231527
2013-03-14,55.59309207
2013-03-13,63.01622716
2013-03-12,50.36590821
2013-03-11,56.8499929
2013-03-10,64.60075075
2013-03-09,39.84122112
2013-03-08,55.6880887
2013-03-07,158.50149922
2013-03-06,60.59100527
2013-03-05,51.15126817
2013-03-04,53.43016694
2013-03-03,41.44089193
2013-03-02,54.50251001
2013-03-01,71.21074427
2013-02-28,61.69368024
2013-02-27,52.05842396
2013-02-26,54.54951162
2013-02-25,64.694706
2013-02-24,46.36386186
2013-02-23,49.74906996
2013-02-22,56.97276299
2013-02-21,47.39446
2013-02-20,48.65658234
2013-02-19,50.51556581
2013-02-18,39.08462929
2013-02-17,49.1021201
2013-02-16,53.91976276
2013-02-15,53.36447438
2013-02-14,49.49477446
2013-02-13,51.50697092
2013-02-12,48.61700477
2013-02-11,49.32792778
2013-02-10,43.83953143
2013-02-09,41.81383069
2013-02-08,53.57266767
2013-02-07,45.37600821
2013-02-06,33.47964254
2013-02-05,42.90852642
2013-02-04,47.3593669
2013-02-03,72.35764756
2013-02-02,54.79985834
2013-02-01,49.20923656
2013-01-31,42.31036818
2013-01-30,39.13531897
2013-01-29,50.78193782
2013-01-28,42.66449033
2013-01-27,47.75957992
2013-01-26,48.09323725
2013-01-25,40.13334087
2013-01-24,42.78012497
2013-01-23,45.66376477
2013-01-22,29.87214152
2013-01-21,30.62610484
2013-01-20,33.70685415
2013-01-19,63.02193154
2013-01-18,39.75901296
2013-01-17,36.8345206
2013-01-16,40.03464889
2013-01-15,34.17528217
2013-01-14,35.47591933
2013-01-13,35.86482633
2013-01-12,38.36175715
2013-01-11,44.13601946
2013-01-10,152.17272586
2013-01-09,33.87855401
2013-01-08,29.80098536
2013-01-07,34.80264212
2013-01-06,37.02643176
2013-01-05,30.06402764
2013-01-04,42.89840546
2013-01-03,35.68268787
2013-01-02,29.18198114
2013-01-01,23.37476946
2012-12-31,26.99566664
2012-12-30,35.09140165
2012-12-29,30.58246185
2012-12-28,38.51894572
2012-12-27,35.43010858
2012-12-26,29.20703966
2012-12-25,21.56338759
2012-12-24,30.76535974
2012-12-23,32.40114679
2012-12-22,39.98089285
2012-12-21,35.57252966
2012-12-20,30.62284069
2012-12-19,39.25169662
2012-12-18,37.08634431
2012-12-17,32.24930878
2012-12-16,27.40011287
2012-12-15,26.426188
2012-12-14,32.88696018
2012-12-13,42.77546793
2012-12-12,27.61405036
2012-12-11,30.6428106
2012-12-10,32.60099193
2012-12-09,24.43926299
2012-12-08,25.06019442
2012-12-07,25.9703386
2012-12-06,31.05820845
2012-12-05,26.6733515
2012-12-04,24.16998401
2012-12-03,18.85263816
2012-12-02,15.02822634
2012-12-01,29.99228087
2012-11-30,21.88004872
2012-11-29,30.9318334
2012-11-28,44.72614721
2012-11-27,79.95789105
2012-11-26,27.27039836
2012-11-25,27.71888794
2012-11-24,22.73202401
2012-11-23,23.99715144
2012-11-22,23.86825165
2012-11-21,32.87941782
2012-11-20,28.15159803
2012-11-19,27.02349917
2012-11-18,25.4443562
2012-11-17,27.92768269
2012-11-16,32.35921036
2012-11-15,29.56062276
2012-11-14,22.71522209
2012-11-13,18.42871936
2012-11-12,18.20735207
2012-11-11,17.92127199
2012-11-10,21.42115168
2012-11-09,20.56769981
2012-11-08,27.51470818
2012-11-07,29.35341825
2012-11-06,22.98457161
2012-11-05,25.83596115
2012-11-04,18.07275203
2012-11-03,20.58374693
2012-11-02,25.18210027
2012-11-01,22.03532797
2012-10-31,23.11370123
2012-10-30,23.28136658
2012-10-29,15.0975509
2012-10-28,12.84233689
2012-10-27,13.76313528
2012-10-26,16.80943206
2012-10-25,18.26830049
2012-10-24,22.20707536
2012-10-23,24.37162899
2012-10-22,23.10204087
2012-10-21,22.27543359
2012-10-20,16.59501444
2012-10-19,17.28631948
2012-10-18,18.16174438
2012-10-17,66.89339529
2012-10-16,25.96467158
2012-10-15,19.19003194
2012-10-14,16.36760937
2012-10-13,24.55671427
2012-10-12,18.97829142
2012-10-11,25.1547753
2012-10-10,22.58048511
2012-10-09,24.92948098
2012-10-08,29.1855467
2012-10-07,23.24799372
2012-10-06,23.63559135
2012-10-05,27.33750416
2012-10-04,129.0727315
2012-10-03,23.89542547
2012-10-02,25.53766212
2012-10-01,15.05241324
2012-09-30,12.37119439
2012-09-29,14.87112626
2012-09-28,57.9866703
2012-09-27,17.75388518
2012-09-26,18.39848429
2012-09-25,17.18850981
2012-09-24,27.32303762
2012-09-23,15.21996842
2012-09-22,15.707411
2012-09-21,29.49860957
2012-09-20,20.6905111
2012-09-19,22.47986657
2012-09-18,19.83549726
2012-09-17,14.49014511
2012-09-16,14.37584654
2012-09-15,16.00925068
2012-09-14,21.40527069
2012-09-13,20.11991821
2012-09-12,23.00668134
2012-09-11,29.23196182
2012-09-10,22.3581976
2012-09-09,20.56845317
2012-09-08,23.92353501
2012-09-07,18.75177954
2012-09-06,28.46114685
2012-09-05,25.18379882
2012-09-04,30.59917481
2012-09-03,36.95385361
2012-09-02,31.86619313
2012-09-01,28.87869838
2012-08-31,32.39425452
2012-08-30,27.34385576
2012-08-29,24.54703076
2012-08-28,23.62564327
2012-08-27,29.03414368
2012-08-26,22.34564361
2012-08-25,21.92109799
2012-08-24,18.81258311
2012-08-23,21.53412752
2012-08-22,24.5640378
2012-08-21,23.26574408
2012-08-20,28.01583883
2012-08-19,18.95507601
2012-08-18,20.76717614
2012-08-17,30.58990923
2012-08-16,32.70348326
2012-08-15,28.12433709
2012-08-14,21.93973905
2012-08-13,25.04966154
2012-08-12,17.49173695
2012-08-11,17.37179137
2012-08-10,45.85604941
2012-08-09,18.36985252
2012-08-08,52.18018387
2012-08-07,20.92753532
2012-08-06,22.199207
2012-08-05,24.52949124
2012-08-04,24.23379789
2012-08-03,17.9249095
2012-08-02,19.86616974
2012-08-01,20.21423246
2012-07-31,19.84360187
2012-07-30,21.59461114
2012-07-29,17.74577763
2012-07-28,20.70498525
2012-07-27,15.17561226
2012-07-26,18.68667012
2012-07-25,15.29289555
2012-07-24,17.55491401
2012-07-23,23.16193893
2012-07-22,15.35397674
2012-07-21,28.9098919
2012-07-20,30.14867241
2012-07-19,20.39232492
2012-07-18,25.25477096
2012-07-17,20.25827138
2012-07-16,21.32899927
2012-07-15,16.82730601
2012-07-14,16.39495791
2012-07-13,12.71610684
2012-07-12,16.10499023
2012-07-11,17.78720701
2012-07-10,22.70876035
2012-07-09,15.91462354
2012-07-08,12.394001
2012-07-07,45.39267827
2012-07-06,12.41769967
2012-07-05,13.38649042
2012-07-04,12.04784878
2012-07-03,17.70742136
2012-07-02,13.30033059
2012-07-01,10.02531446
2012-06-30,14.1692415
2012-06-29,11.58999775
2012-06-28,16.85485099
2012-06-27,17.42605631
2012-06-26,19.65510869
2012-06-25,14.82897323
2012-06-24,16.06404355
2012-06-23,15.19853598
2012-06-22,29.83422135
2012-06-21,26.27883814
2012-06-20,21.58001528
2012-06-19,26.94018882
2012-06-18,26.16138093
2012-06-17,24.4001962
2012-06-16,30.02680517
2012-06-15,35.61308945
2012-06-14,35.89565212
2012-06-13,35.1762952
2012-06-12,12.59682379
2012-06-11,20.67463329
2012-06-10,24.41006786
2012-06-09,22.52987299
2012-06-08,16.81802928
2012-06-07,20.49586485
2012-06-06,13.28754541
2012-06-05,29.98382458
2012-06-04,28.12443169
2012-06-03,15.02353311
2012-06-02,9.96264787
2012-06-01,15.68116299
2012-05-31,13.60278435
2012-05-30,16.86572549
2012-05-29,18.96538173
2012-05-28,20.21974674
2012-05-27,15.29363421
2012-05-26,16.87447099
2012-05-25,19.10534085
2012-05-24,20.59204355
2012-05-23,16.09408162
2012-05-22,14.48193745
2012-05-21,18.00690588
2012-05-20,22.03784271
2012-05-19,33.30233593
2012-05-18,15.75663471
2012-05-17,10.10983418
2012-05-16,13.98413588
2012-05-15,19.59848847
2012-05-14,28.27673306
2012-05-13,10.1650517
2012-05-12,12.89572253
2012-05-11,10.00517341
2012-05-10,9.90617607
2012-05-09,14.96129097
2012-05-08,12.78385726
2012-05-07,10.57768272
2012-05-06,8.47898308
2012-05-05,9.92443083
2012-05-04,10.52965254
2012-05-03,8.49677544
2012-05-02,6.68304753
2012-05-01,6.49137637
2012-04-30,4.96371671
2012-04-29,5.79655728
2012-04-28,5.3321923
2012-04-27,6.9636861
2012-04-26,13.33086106
2012-04-25,5.27822828
2012-04-24,5.43974157
2012-04-23,4.34820541
2012-04-22,5.15564775
2012-04-21,6.263791
2012-04-20,6.07277319
2012-04-19,5.94767942
2012-04-18,5.87363778
2012-04-17,7.52707743
2012-04-16,4.67124833
2012-04-15,4.03081438
2012-04-14,5.88161612
2012-04-13,4.42240979
2012-04-12,6.96030524
2012-04-11,6.53992391
2012-04-10,4.69114701
2012-04-09,3.83316764
2012-04-08,3.8064745
2012-04-07,3.89581731
2012-04-06,4.94414079
2012-04-05,6.2116662
2012-04-04,3.95271361
2012-04-03,4.62668219
2012-04-02,4.14115894
2012-04-01,4.34212197
2012-03-31,4.66025176
2012-03-30,4.04466777
2012-03-29,4.69239431
2012-03-28,4.67877081
2012-03-27,3.94960465
2012-03-26,7.26561565
2012-03-25,13.87452827
2012-03-24,4.46816675
2012-03-23,3.85590401
2012-03-22,3.31425094
2012-03-21,4.19889868
2012-03-20,4.28587033
2012-03-19,4.23856313
2012-03-18,3.01294827
2012-03-17,4.23269898
2012-03-16,7.96536218
2012-03-15,4.16277495
2012-03-14,5.98762025
2012-03-13,10.06316769
2012-03-12,3.51928212
2012-03-11,3.07837341
2012-03-10,5.05300613
2012-03-09,3.56641541
2012-03-08,4.28583196
2012-03-07,4.97452409
2012-03-06,4.77293119
2012-03-05,4.57778698
2012-03-04,3.95643698
2012-03-03,3.04970302
2012-03-02,4.45115638
2012-03-01,6.63650636
2012-02-29,3.15391449
2012-02-28,5.47527216
2012-02-27,4.78372398
2012-02-26,2.61240263
2012-02-25,4.26574148
2012-02-24,4.33478143
2012-02-23,4.19034459
2012-02-22,3.3301254
2012-02-21,3.68499377
2012-02-20,3.9273343
2012-02-19,2.44848079
2012-02-18,3.79084356
2012-02-17,3.53606055
2012-02-16,9.73008108
2012-02-15,15.26703072
2012-02-14,6.96051344
2012-02-13,4.81346772
2012-02-12,3.47829872
2012-02-11,4.07907004
2012-02-10,7.26552646
2012-02-09,5.95689282
2012-02-08,4.40704453
2012-02-07,5.50077725
2012-02-06,4.48191176
2012-02-05,4.45615015
2012-02-04,8.85793127
2012-02-03,7.14420136
2012-02-02,10.52551844
2012-02-01,7.67023534
2012-01-31,27.76413677
2012-01-30,5.00811954
2012-01-29,221.28355145
2012-01-28,6.21920755
2012-01-27,21.44948903
2012-01-26,7.15324525
2012-01-25,7.51802097
2012-01-24,8.74090361
2012-01-23,4.32893996
2012-01-22,3.21846767
2012-01-21,5.32543933
2012-01-20,43.74500914
2012-01-19,7.25502575
2012-01-18,11.20841262
2012-01-17,23.16297162
2012-01-16,30.6769841
2012-01-15,6.7042272
2012-01-14,11.73821501
2012-01-13,9.94639858
2012-01-12,41.82887588
2012-01-11,5.17871126
2012-01-10,4.64067614
2012-01-09,6.16347974
2012-01-08,3.44381947
2012-01-07,4.83857232
2012-01-06,6.65531797
2012-01-05,5.55023698
2012-01-04,14.21969541
2012-01-03,5.78307056
2012-01-02,5.2069139
2012-01-01,3.22260941
2011-12-31,3.62038935
2011-12-30,3.52080887
2011-12-29,4.0354475
2011-12-28,3.33596172
2011-12-27,2.76747331
2011-12-26,3.40552884
2011-12-25,2.78505591
2011-12-24,2.23895545
2011-12-23,3.10079941
2011-12-22,4.15561326
2011-12-21,3.99252286
2011-12-20,5.83700461
2011-12-19,3.61261747
2011-12-18,3.89415776
2011-12-17,2.72970204
2011-12-16,2.836012
2011-12-15,8.39607542
2011-12-14,3.6461913
2011-12-13,4.77703305
2011-12-12,305.20213478
2011-12-11,90.99811174
2011-12-10,3.02294953
2011-12-09,2.96146207
2011-12-08,3.28631467
2011-12-07,3.99867645
2011-12-06,3.49937086
2011-12-05,3.61583294
2011-12-04,3.5088385
2011-12-03,4.0934545
2011-12-02,4.30495028
2011-12-01,4.31536335
2011-11-30,3.29898062
2011-11-29,4.44141507
2011-11-28,3.04363533
2011-11-27,2.73332716
2011-11-26,3.60336148
2011-11-25,3.78509764
2011-11-24,3.49219286
2011-11-23,3.41667059
2011-11-22,3.37516787
2011-11-21,2.50056261
2011-11-20,4.0309302
2011-11-19,3.05504471
2011-11-18,3.34454677
2011-11-17,2.95917489
2011-11-16,3.57793717
2011-11-15,3.20336403
2011-11-14,2.76633599
2011-11-13,2.52287731
2011-11-12,2.58769763
2011-11-11,2.04213243
2011-11-10,3.43121601
2011-11-09,3.78935692
2011-11-08,3.72947765
2011-11-07,3.44751402
2011-11-06,2.68651732
2011-11-05,3.42899532
2011-11-04,3.33893916
2011-11-03,2.88038385
2011-11-02,3.23511613
2011-11-01,5.1065652
2011-10-31,2.56528203
2011-10-30,3.40992865
2011-10-29,3.40234917
2011-10-28,3.15074039
2011-10-27,2.51974203
2011-10-26,3.39589176
2011-10-25,3.01637396
2011-10-24,3.24402503
2011-10-23,3.00894325
2011-10-22,2.66416828
2011-10-21,2.79374852
2011-10-20,5.74099126
2011-10-19,3.42772158
2011-10-18,3.1571327
2011-10-17,4.46768129
2011-10-16,2.8099505
2011-10-15,3.47903207
2011-10-14,3.47204625
2011-10-13,4.68456623
2011-10-12,4.52713498
2011-10-11,4.8110874
2011-10-10,3.17994555
2011-10-09,3.07908946
2011-10-08,3.92876955
2011-10-07,5.68168641
2011-10-06,6.66264112
2011-10-05,3.52404524
2011-10-04,3.40150005
2011-10-03,9.34666058
2011-10-02,3.26002348
2011-10-01,3.5672863
2011-09-30,3.38489362
2011-09-29,3.56288467
2011-09-28,4.57610176
2011-09-27,4.17476213
2011-09-26,3.33132041
2011-09-25,3.23532626
2011-09-24,7.17138576
2011-09-23,3.83846876
2011-09-22,4.47693446
2011-09-21,5.34280467
2011-09-20,6.01759103
2011-09-19,6.00913231
2011-09-18,4.96046949
2011-09-17,5.4756153
2011-09-16,7.98324496
2011-09-15,3.88694001
2011-09-14,3.85622561
2011-09-13,4.74685664
2011-09-12,5.38775655
2011-09-11,4.71826473
2011-09-10,5.89377078
2011-09-09,7.39910874
2011-09-08,4.9515221
2011-09-07,8.10420009
2011-09-06,6.40762714
2011-09-05,7.16748946
2011-09-04,9.10167977
2011-09-03,6.07488965
2011-09-02,5.26021947
2011-09-01,5.69525979
2011-08-31,10.10021477
2011-08-30,5.3418445
2011-08-29,5.35302216
2011-08-28,4.24898819
2011-08-27,5.07591598
2011-08-26,5.08571809
2011-08-25,6.85117903
2011-08-24,9.52533281
2011-08-23,5.45671341
2011-08-22,7.23054005
2011-08-21,5.57001909
2011-08-20,6.10397746
2011-08-19,7.41319369
2011-08-18,6.1145595
2011-08-17,7.99886482
2011-08-16,9.5779113
2011-08-15,9.26323877
2011-08-14,9.77820713
2011-08-13,6.7979716
2011-08-12,6.31242296
2011-08-11,8.96972833
2011-08-10,9.43100171
2011-08-09,11.0804063
2011-08-08,8.01767941
2011-08-07,22.92516799
2011-08-06,7.4397722
2011-08-05,6.39034612
2011-08-04,8.65111491
2011-08-03,7.49064465
2011-08-02,7.8853759
2011-08-01,7.45372377
2011-07-31,6.12797681
2011-07-30,6.60580997
2011-07-29,6.6564493
2011-07-28,7.45699769
2011-07-27,9.17862736
2011-07-26,8.61433947
2011-07-25,13.19779016
2011-07-24,7.9042719
2011-07-23,9.81383186
2011-07-22,11.77873472
2011-07-21,9.3605919
2011-07-20,11.50496853
2011-07-19,17.08671088
2011-07-18,10.45340351
2011-07-17,12.45441972
2011-07-16,13.44019776
2011-07-15,13.93294757
2011-07-14,14.32494418
2011-07-13,15.64254982
2011-07-12,12.17776867
2011-07-11,13.77107564
2011-07-10,12.79683879
2011-07-09,13.50615094
2011-07-08,13.00884717
2011-07-07,14.78154774
2011-07-06,18.73264167
2011-07-05,17.1050446
2011-07-04,15.26228889
2011-07-03,12.95560401
2011-07-02,17.63908177
2011-07-01,16.95778436
2011-06-30,18.31708499
2011-06-29,20.27653059
2011-06-28,21.04399723
2011-06-27,28.5009098
2011-06-26,22.58593178
2011-06-25,21.99481921
2011-06-24,15.10772997
2011-06-23,16.04724236
2011-06-22,17.88992398
2011-06-21,18.24724796
2011-06-20,21.06156276
2011-06-19,26.78637934
2011-06-18,30.27588907
2011-06-17,30.76697918
2011-06-16,31.72265722
2011-06-15,42.43918865
2011-06-14,33.47003135
2011-06-13,40.65158133
2011-06-12,41.15152999
2011-06-11,36.72083742
2011-06-10,37.85372624
2011-06-09,48.4001229
2011-06-08,39.21740563
2011-06-07,28.53132133
2011-06-06,26.458909
2011-06-05,23.52063186
2011-06-04,31.68367067
2011-06-03,26.6377786
2011-06-02,25.08212749
2011-06-01,21.6219555
2011-05-31,20.95768475
2011-05-30,15.95794968
2011-05-29,14.43394585
2011-05-28,13.1819608
2011-05-27,16.43284651
2011-05-26,20.2567875
2011-05-25,21.39997947
2011-05-24,19.09579145
2011-05-23,19.12275662
2011-05-22,21.16861654
2011-05-21,19.00720349
2011-05-20,16.95989301
2011-05-19,18.61140679
2011-05-18,16.69735463
2011-05-17,13.29486724
2011-05-16,15.61282785
2011-05-15,14.44747033
2011-05-14,13.88461025
2011-05-13,11.3227713
2011-05-12,5.60952486
2011-05-11,9.66501217
2011-05-10,7.41932207
2011-05-09,11.69832794
2011-05-08,5.95522686
2011-05-07,6.804853
2011-05-06,9.48622833
2011-05-05,7.74210231
2011-05-04,5.73991629
2011-05-03,4.72487624
2011-05-02,6.64908916
2011-05-01,11.51184732
2011-04-30,9.56621478
2011-04-29,7.01488483
2011-04-28,6.39308182
2011-04-27,8.94869711
2011-04-26,5.52887739
2011-04-25,7.87326592
2011-04-24,7.36302226
2011-04-23,5.3103
2011-04-22,4.3937338
2011-04-21,3.63999931
2011-04-20,7.35490728
2011-04-19,5.88128213
2011-04-18,2.23520399
2011-04-17,1.9425
2011-04-16,3.80988576
2011-04-15,2.15104348
2011-04-14,15.5231
2011-04-13,3.67138575
2011-04-12,4.46474318
2011-04-11,4.72078885
2011-04-10,5.14
2011-04-09,4.18
2011-04-08,3.8001
2011-04-07,3.1702
2011-04-06,5.60040001
2011-04-05,5.4307
2011-04-04,5.896868
2011-04-03,3.15010002
2011-04-02,2.99040002
2011-04-01,3.1
2011-03-31,4.16
2011-03-30,3.93090001
2011-03-29,3.7901
2011-03-28,4.863
2011-03-27,5.8772327
2011-03-26,4.7801
2011-03-25,6.33823619
2011-03-24,9.62159233
2011-03-23,16.58666612
2011-03-22,11.2703
2011-03-21,6.87779295
2011-03-20,1.3370787
2011-03-19,1.35779295
2011-03-18,1.22279998
2011-03-17,1.49799295
2011-03-16,1.81
2011-03-15,1.70019999
2011-03-14,2.1816162
2011-03-13,1.51553619
2011-03-12,1.48693618
2011-03-11,6.63689296
2011-03-10,2.47963744
2011-03-09,3.51649299
2011-03-08,4.60833744
2011-03-07,5.69913744
2011-03-06,5.13130001
2011-03-05,1.21430001
2011-03-04,1.3986
2011-03-03,6.3913
2011-03-02,0.2465
2011-03-01,0.73455377
2011-02-28,0.53785377
2011-02-27,0.74
2011-02-26,0.71049575
2011-02-25,0.26097152
2011-02-24,0.15769472
2011-02-23,0.40332199
2011-02-22,0.19
2011-02-21,0.5
2011-02-20,0.18
2011-02-19,0.51
2011-02-18,0.46
2011-02-17,0.62346193
2011-02-16,0.22346193
2011-02-15,0.84
2011-02-14,2.13
2011-02-13,0.32
2011-02-12,0.63186934
2011-02-11,0.50910687
2011-02-10,0.80304408
2011-02-09,0.04541728
2011-02-08,0.32049075
2011-02-07,0.19347709
2011-02-06,0.13
2011-02-05,0.2159958
2011-02-04,0.08586535
2011-02-03,0.11818974
2011-02-02,0.28
2011-02-01,0.68108788
2011-01-31,3.39
2011-01-30,0.22108788
2011-01-29,0.31195608
2011-01-28,0.13
2011-01-27,0.49
2011-01-26,0.12905919
2011-01-25,0.14
2011-01-24,0.30905919
2011-01-23,0.29048576
2011-01-22,0.45874839
2011-01-21,0.02048576
2011-01-20,0.12736667
2011-01-19,0.06323904
2011-01-18,0.03768351
2011-01-17,0.15276428
2011-01-16,0.07835008
2011-01-15,0.10987774
2011-01-14,0.05493887
2011-01-13,0.08
2011-01-12,0.24212907
2011-01-11,0.03
2011-01-10,0.07884469
2011-01-09,0.13765433
2011-01-08,0.02
2011-01-07,0.07352512
2011-01-06,0.08757579
2011-01-05,0.05838636
2011-01-04,0.07954493
2011-01-03,0.69638641
2011-01-02,0.09129091
2011-01-01,0.06915258
2010-12-31,0.02335061
2010-12-30,0.13238552
2010-12-29,0.12251652
2010-12-28,0.09056339
2010-12-27,0.10834879
2010-12-26,0.07
2010-12-25,0.04743052
2010-12-24,0.08829328
2010-12-23,0.06
2010-12-22,0.17743052
2010-12-21,0.12815952
2010-12-20,0.07883365
2010-12-19,0.11218083
2010-12-18,0.21944472
2010-12-17,0.05382187
2010-12-16,0.10473581
2010-12-15,0.0723952
2010-12-14,0.03395871
2010-12-13,0.34111695
2010-12-12,0.16893365
2010-12-11,0.07724798
2010-12-10,0.06000109
2010-12-09,0.04727152
2010-12-08,0.08
2010-12-07,0.03214637
2010-12-06,0.05518713
2010-12-05,0.02090727
2010-12-04,0.01
2010-12-03,0.02
2010-12-02,0.07
2010-12-01,0.02
2010-11-30,0.01
2010-11-29,0.03
2010-11-28,0.01
2010-11-27,0.01
2010-11-26,0.37
2010-11-25,0.0
2010-11-24,0.31
2010-11-23,0.54
2010-11-22,0.6
2010-11-21,1.17
2010-11-20,0.73
2010-11-19,0.0
2010-11-18,0.0
2010-11-17,0.0
2010-11-16,0.48
2010-11-15,0.0
2010-11-14,0.0
2010-11-13,0.0
2010-11-12,0.0
2010-11-11,0.0
2010-11-10,0.0
2010-11-09,0.0
2010-11-08,0.83
2010-11-07,0.0
2010-11-06,0.0
2010-11-05,0.0
2010-11-04,0.0
2010-11-03,0.0
2010-11-02,0.0
2010-11-01,0.0
2010-10-31,0.0
2010-10-30,0.0
2010-10-29,0.0
2010-10-28,0.0
2010-10-27,0.0
2010-10-26,0.0
2010-10-25,0.0
2010-10-24,0.0
2010-10-23,0.05
2010-10-22,0.0
2010-10-21,0.00776615
2010-10-20,0.0
2010-10-19,0.0
2010-10-18,0.02
2010-10-17,0.0
2010-10-16,0.0
2010-10-15,0.0
2010-10-14,0.35
2010-10-13,0.0
2010-10-12,0.0
2010-10-11,1.09e-06
2010-10-10,0.0
2010-10-09,0.0
2010-10-08,0.0
2010-10-07,0.0
2010-10-06,1.09e-06
2010-10-05,0.0
2010-10-04,1.09e-06
2010-10-03,0.00776813
2010-10-02,0.00776615
2010-10-01,0.56
2010-09-30,0.0
2010-09-29,1.03
2010-09-28,0.41
2010-09-27,0.02
2010-09-26,0.0
2010-09-25,0.0
2010-09-24,0.0
2010-09-23,0.0
2010-09-22,0.0
2010-09-21,1.0e-07
2010-09-20,0.0
2010-09-19,0.0
2010-09-18,0.18
2010-09-17,0.0
2010-09-16,0.0
2010-09-15,0.0
2010-09-14,0.00960362
2010-09-13,0.0
2010-09-12,0.15
2010-09-11,0.0
2010-09-10,2.0e-07
2010-09-09,0.11
2010-09-08,2.0e-07
2010-09-07,0.0
2010-09-06,1.0e-07
2010-09-05,0.01
2010-09-04,0.0
2010-09-03,0.0
2010-09-02,1.0e-07
2010-09-01,0.1300001
2010-08-31,0.2000003
2010-08-30,0.4
2010-08-29,0.1400006
2010-08-28,5.0e-07
2010-08-27,0.0
2010-08-26,0.0
2010-08-25,0.8
2010-08-24,0.0
2010-08-23,0.0
2010-08-22,0.0
2010-08-21,0.0
2010-08-20,0.0
2010-08-19,0.0
2010-08-18,1.56
2010-08-17,0.67
2010-08-16,0.0
2010-08-15,0.0
2010-08-14,0.0
2010-08-13,0.0
2010-08-12,0.0
2010-08-11,0.0
2010-08-10,4.32
2010-08-09,0.0
2010-08-08,0.0
2010-08-07,2.31
2010-08-06,0.0
2010-08-05,0.0
2010-08-04,0.0
2010-08-03,0.0
2010-08-02,0.36
2010-08-01,0.19
2010-07-31,0.41
2010-07-30,1.04
2010-07-29,0.95
2010-07-28,0.17
2010-07-27,1.9
2010-07-26,0.24
2010-07-25,2.87
2010-07-24,0.0
2010-07-23,0.01
2010-07-22,0.0
2010-07-21,0.0
2010-07-20,0.0
2010-07-19,0.31
2010-07-18,0.66
2010-07-17,0.09
2010-07-16,0.23
2010-07-15,0.61
2010-07-14,0.01
2010-07-13,0.0
2010-07-12,0.0
2010-07-11,0.0
2010-07-10,0.0
2010-07-09,0.0
2010-07-08,0.0
2010-07-07,0.0
2010-07-06,0.0
2010-07-05,0.0
2010-07-04,0.0
2010-07-03,0.0
2010-07-02,0.0
2010-07-01,1.37
2010-06-30,0.0
2010-06-29,0.0
2010-06-28,0.0
2010-06-27,0.0
2010-06-26,0.0
2010-06-25,0.0
2010-06-24,0.0
2010-06-23,0.0
2010-06-22,0.0
2010-06-21,0.0
2010-06-20,0.0
2010-06-19,0.0
2010-06-18,0.0
2010-06-17,0.0
2010-06-16,0.0
2010-06-15,0.0
2010-06-14,0.0
2010-06-13,0.0
2010-06-12,0.0
2010-06-11,0.0
2010-06-10,0.0
2010-06-09,0.0
2010-06-08,0.0
2010-06-07,0.0
2010-06-06,0.0
2010-06-05,0.0
2010-06-04,0.0
2010-06-03,0.0
2010-06-02,0.0
2010-06-01,0.0
2010-05-31,0.0
2010-05-30,0.0
2010-05-29,0.0
2010-05-28,0.0
2010-05-27,0.0
2010-05-26,0.0
2010-05-25,0.0
2010-05-24,0.0
2010-05-23,0.99
2010-05-22,0.0
2010-05-21,0.0
2010-05-20,0.0
2010-05-19,0.0
2010-05-18,0.0
2010-05-17,0.0
2010-05-16,0.0
2010-05-15,9.35
2010-05-14,0.0
2010-05-13,0.0
2010-05-12,0.0
2010-05-11,0.0
2010-05-10,0.0
2010-05-09,0.0
2010-05-08,0.0
2010-05-07,0.0
2010-05-06,0.0
2010-05-05,0.0
2010-05-04,0.0
2010-05-03,0.0
2010-05-02,0.0
2010-05-01,0.0
2010-04-30,0.0
2010-04-29,0.0
2010-04-28,0.0
2010-04-27,0.0
2010-04-26,0.0
2010-04-25,0.0
2010-04-24,0.0
2010-04-23,0.0
2010-04-22,0.0
2010-04-21,0.0
2010-04-20,0.0
2010-04-19,0.0
2010-04-18,0.0
2010-04-17,0.0
2010-04-16,0.0
2010-04-15,0.0
2010-04-14,0.0
2010-04-13,0.0
2010-04-12,0.0
2010-04-11,0.0
2010-04-10,0.0
2010-04-09,0.0
2010-04-08,0.0
2010-04-07,0.0
2010-04-06,0.0
2010-04-05,0.0
2010-04-04,0.26
2010-04-03,0.0
2010-04-02,0.0
2010-04-01,0.0
2010-03-31,0.0
2010-03-30,0.0
2010-03-29,0.0
2010-03-28,0.0
2010-03-27,0.0
2010-03-26,0.0
2010-03-25,0.0
2010-03-24,0.0
2010-03-23,0.0
2010-03-22,0.0
2010-03-21,0.0
2010-03-20,0.0
2010-03-19,0.0
2010-03-18,0.0
2010-03-17,0.0
2010-03-16,0.0
2010-03-15,0.0
2010-03-14,0.0
2010-03-13,0.0
2010-03-12,0.0
2010-03-11,0.0
2010-03-10,0.0
2010-03-09,0.0
2010-03-08,0.0
2010-03-07,0.0
2010-03-06,0.0
2010-03-05,0.0
2010-03-04,0.0
2010-03-03,0.0
2010-03-02,0.0
2010-03-01,0.0
2010-02-28,0.0
2010-02-27,0.0
2010-02-26,0.0
2010-02-25,0.0
2010-02-24,0.0
2010-02-23,0.0
2010-02-22,0.0
2010-02-21,0.0
2010-02-20,0.0
2010-02-19,0.0
2010-02-18,0.0
2010-02-17,0.0
2010-02-16,0.0
2010-02-15,0.0
2010-02-14,0.0
2010-02-13,0.0
2010-02-12,0.0
2010-02-11,0.0
2010-02-10,0.44
2010-02-09,0.0
2010-02-08,0.0
2010-02-07,0.0
2010-02-06,0.0
2010-02-05,0.0
2010-02-04,0.0
2010-02-03,0.0
2010-02-02,0.0
2010-02-01,0.0
2010-01-31,0.0
2010-01-30,0.0
2010-01-29,0.0
2010-01-28,0.0
2010-01-27,0.0
2010-01-26,0.0
2010-01-25,0.0
2010-01-24,0.0
2010-01-23,0.0
2010-01-22,0.0
2010-01-21,0.0
2010-01-20,0.0
2010-01-19,0.0
2010-01-18,0.0
2010-01-17,0.0
2010-01-16,0.0
2010-01-15,0.0
2010-01-14,0.0
2010-01-13,0.0
2010-01-12,0.26
2010-01-11,0.0
2010-01-10,0.0
2010-01-09,0.0
2010-01-08,0.0
2010-01-07,0.0
2010-01-06,0.0
2010-01-05,0.0
2010-01-04,0.0
2010-01-03,0.0
2010-01-02,0.0
2010-01-01,0.0
2009-12-31,0.0
2009-12-30,0.0
2009-12-29,0.0
2009-12-28,0.0
2009-12-27,0.0
2009-12-26,0.0
2009-12-25,0.0
2009-12-24,0.0
2009-12-23,0.0
2009-12-22,0.0
2009-12-21,0.0
2009-12-20,0.0
2009-12-19,0.0
2009-12-18,0.0
2009-12-17,0.0
2009-12-16,0.0
2009-12-15,0.0
2009-12-14,0.0
2009-12-13,0.0
2009-12-12,0.0
2009-12-11,0.0
2009-12-10,0.0
2009-12-09,0.0
2009-12-08,0.0
2009-12-07,0.0
2009-12-06,0.0
2009-12-05,0.0
2009-12-04,0.0
2009-12-03,0.0
2009-12-02,0.22
2009-12-01,0.0
2009-11-30,0.0
2009-11-29,0.0
2009-11-28,0.0
2009-11-27,0.0
2009-11-26,0.0
2009-11-25,0.0
2009-11-24,0.0
2009-11-23,0.0
2009-11-22,0.0
2009-11-21,0.0
2009-11-20,0.0
2009-11-19,0.0
2009-11-18,0.0
2009-11-17,0.0
2009-11-16,0.0
2009-11-15,0.0
2009-11-14,0.0
2009-11-13,0.0
2009-11-12,0.0
2009-11-11,0.0
2009-11-10,0.0
2009-11-09,0.0
2009-11-08,0.0
2009-11-07,0.0
2009-11-06,0.0
2009-11-05,0.0
2009-11-04,0.0
2009-11-03,0.0
2009-11-02,0.0
2009-11-01,0.0
2009-10-31,0.0
2009-10-30,0.0
2009-10-29,0.0
2009-10-28,0.0
2009-10-27,0.0
2009-10-26,0.0
2009-10-25,0.0
2009-10-24,0.0
2009-10-23,0.0
2009-10-22,0.0
2009-10-21,0.12
2009-10-20,0.0
2009-10-19,0.0
2009-10-18,0.0
2009-10-17,0.0
2009-10-16,0.0
2009-10-15,0.0
2009-10-14,0.0
2009-10-13,0.0
2009-10-12,0.0
2009-10-11,0.0
2009-10-10,0.0
2009-10-09,0.0
2009-10-08,0.0
2009-10-07,0.0
2009-10-06,0.0
2009-10-05,0.0
2009-10-04,0.0
2009-10-03,0.0
2009-10-02,0.0
2009-10-01,0.0
2009-09-30,0.0
2009-09-29,0.0
2009-09-28,0.0
2009-09-27,0.0
2009-09-26,0.0
2009-09-25,0.0
2009-09-24,0.0
2009-09-23,0.0
2009-09-22,0.0
2009-09-21,0.0
2009-09-20,0.0
2009-09-19,0.0
2009-09-18,0.0
2009-09-17,0.12
2009-09-16,0.0
2009-09-15,0.0
2009-09-14,0.0
2009-09-13,0.0
2009-09-12,0.0
2009-09-11,0.0
2009-09-10,0.0
2009-09-09,0.0
2009-09-08,0.0
2009-09-07,0.0
2009-09-06,0.0
2009-09-05,0.0
2009-09-04,0.0
2009-09-03,0.0
2009-09-02,0.0
2009-09-01,0.0
2009-08-31,0.0
2009-08-30,0.0
2009-08-29,0.0
2009-08-28,0.0
2009-08-27,0.0
2009-08-26,0.0
2009-08-25,0.0
2009-08-24,0.0
2009-08-23,0.0
2009-08-22,0.0
2009-08-21,0.0
2009-08-20,0.0
2009-08-19,0.0
2009-08-18,0.0
2009-08-17,0.0
2009-08-16,0.0
2009-08-15,0.0
2009-08-14,0.0
2009-08-13,0.0
2009-08-12,0.0
2009-08-11,0.0
2009-08-10,0.0
2009-08-09,0.0
2009-08-08,0.13
2009-08-07,0.0
2009-08-06,0.0
2009-08-05,0.0
2009-08-04,0.0
2009-08-03,0.0
2009-08-02,0.0
2009-08-01,0.0
2009-07-31,0.0
2009-07-30,0.0
2009-07-29,0.0
2009-07-28,0.0
2009-07-27,0.0
2009-07-26,0.0
2009-07-25,0.0
2009-07-24,0.0
2009-07-23,0.0
2009-07-22,0.0
2009-07-21,0.14
2009-07-20,0.0
2009-07-19,0.0
2009-07-18,0.0
2009-07-17,0.0
2009-07-16,0.0
2009-07-15,0.0
2009-07-14,0.0
2009-07-13,0.0
2009-07-12,0.0
2009-07-11,0.0
2009-07-10,0.0
2009-07-09,0.0
2009-07-08,0.0
2009-07-07,0.0
2009-07-06,0.0
2009-07-05,0.0
2009-07-04,0.0
2009-07-03,0.0
2009-07-02,0.0
2009-07-01,0.0
2009-06-30,0.0
2009-06-29,0.0
2009-06-28,0.0
2009-06-27,0.0
2009-06-26,0.0
2009-06-25,0.0
2009-06-24,0.0
2009-06-23,0.0
2009-06-22,0.0
2009-06-21,0.0
2009-06-20,0.0
2009-06-19,0.0
2009-06-18,0.0
2009-06-17,0.0
2009-06-16,0.0
2009-06-15,0.0
2009-06-14,0.0
2009-06-13,0.0
2009-06-12,0.0
2009-06-11,0.0
2009-06-10,0.0
2009-06-09,0.0
2009-06-08,0.0
2009-06-07,0.0
2009-06-06,0.0
2009-06-05,0.0
2009-06-04,0.0
2009-06-03,0.0
2009-06-02,0.0
2009-06-01,0.0
2009-05-31,0.0
2009-05-30,0.0
2009-05-29,0.0
2009-05-28,0.0
2009-05-27,0.0
2009-05-26,0.0
2009-05-25,0.0
2009-05-24,0.0
2009-05-23,0.0
2009-05-22,0.0
2009-05-21,0.0
2009-05-20,0.0
2009-05-19,0.0
2009-05-18,0.0
2009-05-17,0.0
2009-05-16,0.0
2009-05-15,0.0
2009-05-14,0.0
2009-05-13,0.0
2009-05-12,0.0
2009-05-11,0.1
2009-05-10,0.0
2009-05-09,0.0
2009-05-08,0.0
2009-05-07,0.0
2009-05-06,0.0
2009-05-05,0.0
2009-05-04,0.0
2009-05-03,0.0
2009-05-02,0.03
2009-05-01,0.0
2009-04-30,0.0
2009-04-29,0.0
2009-04-28,0.0
2009-04-27,0.0
2009-04-26,0.0
2009-04-25,0.0
2009-04-24,0.0
2009-04-23,0.0
2009-04-22,0.0
2009-04-21,0.0
2009-04-20,0.0
2009-04-19,0.0
2009-04-18,0.0
2009-04-17,0.0
2009-04-16,0.0
2009-04-15,0.0
2009-04-14,0.0
2009-04-13,0.0
2009-04-12,0.0
2009-04-11,0.0
2009-04-10,0.0
2009-04-09,0.0
2009-04-08,0.0
2009-04-07,0.0
2009-04-06,0.0
2009-04-05,0.0
2009-04-04,0.0
2009-04-03,0.0
2009-04-02,0.0
2009-04-01,0.0
2009-03-31,0.0
2009-03-30,0.0
2009-03-29,0.0
2009-03-28,0.0
2009-03-27,0.0
2009-03-26,0.0
2009-03-25,0.0
2009-03-24,0.0
2009-03-23,0.0
2009-03-22,0.0
2009-03-21,0.0
2009-03-20,0.0
2009-03-19,0.0
2009-03-18,0.0
2009-03-17,0.0
2009-03-16,0.0
2009-03-15,0.0
2009-03-14,0.0
2009-03-13,0.0
2009-03-12,0.0
2009-03-11,0.0
2009-03-10,0.0
2009-03-09,0.0
2009-03-08,0.0
2009-03-07,0.0
2009-03-06,0.0
2009-03-05,0.0
2009-03-04,0.0
2009-03-03,0.0
2009-03-02,0.0
2009-03-01,0.0
2009-02-28,0.0
2009-02-27,0.0
2009-02-26,0.0
2009-02-25,0.0
2009-02-24,0.0
2009-02-23,0.0
2009-02-22,0.0
2009-02-21,0.0
2009-02-20,0.0
2009-02-19,0.0
2009-02-18,0.0
2009-02-17,0.0
2009-02-16,0.0
2009-02-15,0.0
2009-02-14,0.0
2009-02-13,0.0
2009-02-12,0.0
2009-02-11,0.0
2009-02-10,0.0
2009-02-09,0.0
2009-02-08,0.0
2009-02-07,0.0
2009-02-06,0.0
2009-02-05,0.0
2009-02-04,0.0
2009-02-03,2.01
2009-02-02,0.0
2009-02-01,0.0
2009-01-31,0.0
2009-01-30,0.0
2009-01-29,0.0
2009-01-28,0.0
2009-01-27,0.0
2009-01-26,0.0
2009-01-25,0.0
2009-01-24,0.0
2009-01-23,0.0
2009-01-22,0.0
2009-01-21,0.0
2009-01-20,0.0
2009-01-19,0.0
2009-01-18,0.0
2009-01-17,0.0
2009-01-16,0.0
2009-01-15,0.0
2009-01-14,0.0
2009-01-13,0.0
2009-01-12,0.0
2009-01-11,0.0
2009-01-10,0.0
2009-01-09,0.0
2009-01-08,0.0
2009-01-07,0.0
2009-01-06,0.0
2009-01-05,0.0
2009-01-04,0.0
2009-01-03,0.0
